order_id,order_date,customer,product,channel,quantity,unit_price,discount,revenue
S/7329,2026-01-01,Daniel Wilson,External SSD 1TB,In-Store,4,96.28,0.05,365.86
S/7350,2026-01-01,Ethan Brown,Ergonomic Chair,In-Store,1,252.44,0.15,214.57
W50204,2026-01-01,Olivia Butt,Mechanical Keyboard,Online,1,88.07,0.0,88.07
W50279,2026-01-01,Ali Raza,Webcam HD,Online,1,59.02,0.0,59.02
W50359,2026-01-01,Hassan Malik,Wireless Mouse,Online,4,24.55,0.0,98.2
W50393,2026-01-01,Chloe Raza,External SSD 1TB,Online,1,101.89,0.15,86.61
W50474,2026-01-01,Maya Sheikh,Noise-Cancelling Headphones,Online,2,145.3,0.0,290.6
N-1125,2026-01-02,Ethan Moore,27-inch Monitor,In-Store,1,215.13,0.0,215.13
N-1204,2026-01-02,Ayesha Raza,Ergonomic Chair,In-Store,2,250.05,0.0,500.1
N-1216,2026-01-02,Hassan Iqbal,USB-C Cable,In-Store,1,12.98,0.0,12.98
S/7014,2026-01-02,Olivia Hussain,27-inch Monitor,In-Store,2,222.93,0.15,378.98
S/7258,2026-01-02,Hannah Taylor,Wireless Mouse,In-Store,1,24.22,0.15,20.59
W50002,2026-01-02,Sofia Clarke,Ergonomic Chair,Online,1,247.15,0.0,247.15
W50107,2026-01-02,Daniel Davis,Docking Station,Online,2,127.51,0.15,216.77
W50385,2026-01-02,Noah Patel,27-inch Monitor,Online,1,212.91,0.0,212.91
W50390,2026-01-02,Chloe Raza,Bluetooth Speaker,Online,1,80.37,0.05,76.35
W50457,2026-01-02,Hannah Khan,Mechanical Keyboard,Online,1,86.74,0.0,86.74
N-1251,2026-01-03,Unknown,Smart LED Lamp,In-Store,2,29.54,0.0,59.08
N-1365,2026-01-03,Ayesha Miller,Noise-Cancelling Headphones,In-Store,2,149.58,0.05,284.2
S/7086,2026-01-03,Emma Iqbal,Bluetooth Speaker,In-Store,2,79.2,0.0,158.4
S/7341,2026-01-03,Liam Taylor,Bluetooth Speaker,In-Store,1,80.59,0.05,76.56
W50394,2026-01-03,Sofia Walker,Smart LED Lamp,Online,2,29.5,0.0,59.0
N-1376,2026-01-04,Ayesha Malik,External SSD 1TB,In-Store,1,98.99,0.1,89.09
N-1380,2026-01-04,Maya Clarke,Smart LED Lamp,In-Store,2,29.73,0.0,59.46
S/7102,2026-01-04,Emma Miller,Mechanical Keyboard,In-Store,2,91.62,0.0,183.24
S/7120,2026-01-04,Ethan Raza,Webcam HD,In-Store,1,60.04,0.05,57.04
S/7308,2026-01-04,Ayesha Miller,External SSD 1TB,In-Store,1,100.25,0.0,100.25
W50135,2026-01-04,Zara Iqbal,USB-C Cable,Online,1,13.26,0.05,12.6
W50191,2026-01-04,Olivia Hussain,Webcam HD,Online,4,59.43,0.0,237.72
N-1045,2026-01-05,Emma Walker,Docking Station,In-Store,1,131.14,0.0,131.14
N-1057,2026-01-05,Olivia Patel,Ergonomic Chair,In-Store,2,249.18,0.0,498.36
N-1067,2026-01-05,Chloe Butt,USB-C Cable,In-Store,2,13.0,0.0,26.0
N-1081,2026-01-05,Noah Rossi,External SSD 1TB,In-Store,1,96.28,0.15,81.84
N-1278,2026-01-05,Zara Brown,Bluetooth Speaker,In-Store,5,80.11,0.0,400.55
W50150,2026-01-05,Ayesha Clarke,Wireless Mouse,Online,2,24.7,0.0,49.4
W50203,2026-01-05,Chloe Hussain,Webcam HD,Online,5,57.42,0.0,287.1
W50284,2026-01-05,Sofia Patel,Mechanical Keyboard,Online,2,88.0,0.0,176.0
W50409,2026-01-05,Chloe Davis,Mechanical Keyboard,Online,5,89.87,0.15,381.95
W50430,2026-01-05,Usman Rossi,Bluetooth Speaker,Online,3,77.96,0.0,233.88
N-1110,2026-01-06,Ali Wilson,27-inch Monitor,In-Store,4,222.23,0.0,888.92
N-1235,2026-01-06,Ali Moore,Bluetooth Speaker,In-Store,1,80.87,0.0,80.87
N-1331,2026-01-06,Noah Rossi,Mechanical Keyboard,In-Store,2,89.64,0.0,179.28
N-1382,2026-01-06,Daniel Brown,Noise-Cancelling Headphones,In-Store,4,149.74,0.0,598.96
S/7032,2026-01-06,Omar Raza,Wireless Mouse,In-Store,1,24.56,0.0,24.56
S/7313,2026-01-06,Hannah Butt,Wireless Mouse,In-Store,2,24.01,0.0,48.02
S/7333,2026-01-06,Sofia Brown,External SSD 1TB,In-Store,1,101.66,0.0,101.66
W50155,2026-01-06,Ethan Taylor,Noise-Cancelling Headphones,Online,3,147.2,0.0,441.6
W50228,2026-01-06,Emma Raza,Noise-Cancelling Headphones,Online,2,150.77,0.15,256.31
W50358,2026-01-06,Sofia Taylor,Mechanical Keyboard,Online,3,91.58,0.1,247.27
W50389,2026-01-06,Ethan Patel,Bluetooth Speaker,Online,3,76.72,0.0,230.16
W50406,2026-01-06,Liam Iqbal,Mechanical Keyboard,Online,1,86.36,0.0,86.36
W50492,2026-01-06,Unknown,Smart LED Lamp,Online,1,29.55,0.1,26.6
S/7009,2026-01-07,Ali Malik,Smart LED Lamp,In-Store,2,29.65,0.0,59.3
S/7255,2026-01-07,Ethan Clarke,Bluetooth Speaker,In-Store,5,80.88,0.0,404.4
W50227,2026-01-07,Zara Butt,Noise-Cancelling Headphones,Online,5,147.88,0.0,739.4
W50420,2026-01-07,Omar Rossi,USB-C Cable,Online,1,13.2,0.0,13.2
W50469,2026-01-07,Unknown,USB-C Cable,Online,5,12.81,0.0,64.05
N-1042,2026-01-08,Zara Malik,27-inch Monitor,In-Store,2,219.02,0.1,394.24
N-1260,2026-01-08,Ayesha Miller,Smart LED Lamp,In-Store,3,30.55,0.0,91.65
N-1351,2026-01-08,Unknown,Laptop Stand,In-Store,2,34.34,0.1,61.81
W50476,2026-01-08,Hassan Wilson,Noise-Cancelling Headphones,Online,1,150.36,0.1,135.32
S/7252,2026-01-09,Hassan Ahmed,Smart LED Lamp,In-Store,1,29.44,0.0,29.44
W50462,2026-01-09,Noah Rossi,Bluetooth Speaker,Online,5,80.68,0.0,403.4
S/7104,2026-01-10,Usman Patel,Docking Station,In-Store,1,132.48,0.0,132.48
W50038,2026-01-10,Liam Malik,27-inch Monitor,Online,1,215.84,0.0,215.84
W50123,2026-01-10,Omar Butt,Bluetooth Speaker,Online,4,77.66,0.0,310.64
W50295,2026-01-10,Noah Khan,Webcam HD,Online,1,60.32,0.15,51.27
W50460,2026-01-10,Omar Ahmed,Docking Station,Online,2,126.51,0.0,253.02
W50477,2026-01-10,Olivia Taylor,USB-C Cable,Online,1,13.07,0.0,13.07
N-1408,2026-01-11,Daniel Brown,Laptop Stand,In-Store,1,34.02,0.0,34.02
S/7017,2026-01-11,Ali Wilson,Noise-Cancelling Headphones,In-Store,2,152.09,0.0,304.18
S/7155,2026-01-11,Ethan Taylor,Ergonomic Chair,In-Store,3,249.83,0.1,674.54
S/7214,2026-01-11,Maya Patel,Noise-Cancelling Headphones,In-Store,2,150.4,0.15,255.68
W50057,2026-01-11,Hassan Rossi,Mechanical Keyboard,Online,2,91.65,0.0,183.3
W50354,2026-01-11,Omar Taylor,Noise-Cancelling Headphones,Online,3,146.19,0.1,394.71
N-1268,2026-01-12,Fatima Iqbal,USB-C Cable,In-Store,1,13.22,0.1,11.9
S/7274,2026-01-12,Daniel Rossi,Ergonomic Chair,In-Store,1,245.66,0.15,208.81
W50110,2026-01-12,Noah Ahmed,Noise-Cancelling Headphones,Online,2,148.46,0.0,296.92
W50275,2026-01-12,Hannah Khan,Docking Station,Online,5,128.52,0.1,578.34
W50320,2026-01-12,Sofia Wilson,27-inch Monitor,Online,3,219.98,0.15,560.95
W50482,2026-01-12,Fatima Clarke,Ergonomic Chair,Online,1,242.66,0.1,218.39
W50514,2026-01-12,Usman Clarke,Ergonomic Chair,Online,2,249.04,0.0,498.08
S/7202,2026-01-13,Zara Malik,Ergonomic Chair,In-Store,1,255.25,0.15,216.96
S/7276,2026-01-13,Noah Wilson,Bluetooth Speaker,In-Store,2,78.32,0.15,133.14
S/7282,2026-01-13,Zara Taylor,Smart LED Lamp,In-Store,3,29.75,0.0,89.25
W50440,2026-01-13,Liam Malik,Mechanical Keyboard,Online,5,90.94,0.0,454.7
N-1163,2026-01-14,Usman Clarke,USB-C Cable,In-Store,4,12.67,0.1,45.61
N-1200,2026-01-14,Zara Butt,Laptop Stand,In-Store,4,35.38,0.1,127.37
N-1383,2026-01-14,Noah Brown,Bluetooth Speaker,In-Store,2,76.84,0.1,138.31
S/7078,2026-01-14,Maya Davis,Ergonomic Chair,In-Store,1,247.88,0.1,223.09
S/7162,2026-01-14,Maya Malik,Noise-Cancelling Headphones,In-Store,1,151.82,0.0,151.82
S/7195,2026-01-14,Hannah Iqbal,Laptop Stand,In-Store,1,34.04,0.0,34.04
W50031,2026-01-14,Ali Butt,USB-C Cable,Online,4,12.73,0.15,43.28
W50053,2026-01-14,Noah Hussain,27-inch Monitor,Online,3,214.67,0.0,644.01
W50291,2026-01-14,Hannah Patel,External SSD 1TB,Online,4,99.76,0.0,399.04
W50497,2026-01-14,Hassan Rossi,Wireless Mouse,Online,1,24.55,0.05,23.32
N-1354,2026-01-15,Ayesha Walker,Laptop Stand,In-Store,1,35.21,0.0,35.21
S/7058,2026-01-15,Ethan Ahmed,Wireless Mouse,In-Store,1,24.54,0.0,24.54
S/7298,2026-01-15,Noah Davis,Docking Station,In-Store,4,125.75,0.0,503.0
W50035,2026-01-15,Noah Raza,USB-C Cable,Online,1,12.78,0.0,12.78
N-1023,2026-01-16,Fatima Rossi,Noise-Cancelling Headphones,In-Store,2,148.47,0.0,296.94
N-1194,2026-01-16,Usman Khan,USB-C Cable,In-Store,4,12.75,0.0,51.0
S/7246,2026-01-16,Bilal Clarke,Noise-Cancelling Headphones,In-Store,2,147.2,0.0,294.4
S/7340,2026-01-16,Hassan Walker,Smart LED Lamp,In-Store,1,30.83,0.05,29.29
W50126,2026-01-16,Daniel Malik,Wireless Mouse,Online,2,24.07,0.0,48.14
W50363,2026-01-16,Noah Butt,External SSD 1TB,Online,5,96.59,0.0,482.95
W50403,2026-01-16,Ethan Malik,Bluetooth Speaker,Online,2,78.91,0.1,142.04
N-1007,2026-01-17,Daniel Malik,Ergonomic Chair,In-Store,5,251.7,0.05,1195.58
N-1139,2026-01-17,Ayesha Brown,Smart LED Lamp,In-Store,1,29.95,0.05,28.45
S/7041,2026-01-17,Zara Moore,Laptop Stand,In-Store,1,33.95,0.0,33.95
S/7079,2026-01-17,Ali Malik,Laptop Stand,In-Store,5,35.13,0.05,166.87
S/7156,2026-01-17,Noah Moore,USB-C Cable,In-Store,1,13.2,0.05,12.54
S/7268,2026-01-17,Liam Raza,Wireless Mouse,In-Store,3,23.81,0.0,71.43
W50154,2026-01-17,Fatima Hussain,Noise-Cancelling Headphones,Online,5,147.12,0.1,662.04
W50381,2026-01-17,Sofia Davis,Webcam HD,Online,1,58.92,0.15,50.08
W50450,2026-01-17,Sofia Raza,Wireless Mouse,Online,1,24.09,0.0,24.09
N-1003,2026-01-18,Noah Rossi,Noise-Cancelling Headphones,In-Store,4,145.06,0.1,522.22
N-1165,2026-01-18,Omar Wilson,Mechanical Keyboard,In-Store,5,90.35,0.0,451.75
N-1385,2026-01-18,Noah Wilson,Bluetooth Speaker,In-Store,2,78.59,0.05,149.32
S/7130,2026-01-18,Sofia Ahmed,Docking Station,In-Store,3,126.82,0.15,323.39
S/7212,2026-01-18,Fatima Walker,Docking Station,In-Store,2,130.31,0.0,260.62
S/7285,2026-01-18,Usman Wilson,Mechanical Keyboard,In-Store,5,90.73,0.05,430.97
W50085,2026-01-18,Unknown,USB-C Cable,Online,1,12.89,0.05,12.25
W50096,2026-01-18,Liam Walker,Mechanical Keyboard,Online,2,90.66,0.1,163.19
W50218,2026-01-18,Ethan Raza,Noise-Cancelling Headphones,Online,2,147.14,0.0,294.28
N-1052,2026-01-19,Noah Raza,Webcam HD,In-Store,1,57.98,0.0,57.98
N-1071,2026-01-19,Zara Raza,USB-C Cable,In-Store,1,12.64,0.15,10.74
S/7051,2026-01-19,Ali Taylor,Ergonomic Chair,In-Store,3,247.26,0.1,667.6
W50361,2026-01-19,Usman Wilson,Webcam HD,Online,2,60.45,0.0,120.9
N-1085,2026-01-20,Zara Brown,Laptop Stand,In-Store,2,34.42,0.15,58.51
N-1310,2026-01-20,Hassan Clarke,27-inch Monitor,In-Store,5,225.02,0.05,1068.85
N-1371,2026-01-20,Ethan Moore,Webcam HD,In-Store,1,57.62,0.0,57.62
W50347,2026-01-20,Sofia Wilson,Bluetooth Speaker,Online,3,77.73,0.15,198.21
W50428,2026-01-20,Sofia Walker,Bluetooth Speaker,Online,5,78.73,0.0,393.65
W50500,2026-01-20,Usman Moore,Laptop Stand,Online,1,35.95,0.0,35.95
W50510,2026-01-20,Liam Sheikh,Webcam HD,Online,4,58.52,0.0,234.08
N-1185,2026-01-21,Emma Brown,Webcam HD,In-Store,1,59.41,0.0,59.41
S/7022,2026-01-21,Ayesha Iqbal,Ergonomic Chair,In-Store,3,251.05,0.05,715.49
S/7064,2026-01-21,Ethan Patel,Mechanical Keyboard,In-Store,1,87.14,0.1,78.43
S/7253,2026-01-21,Noah Wilson,Docking Station,In-Store,1,125.9,0.0,125.9
W50410,2026-01-21,Bilal Taylor,27-inch Monitor,Online,2,223.37,0.05,424.4
W50439,2026-01-21,Bilal Sheikh,Bluetooth Speaker,Online,2,80.67,0.05,153.27
N-1078,2026-01-22,Chloe Clarke,27-inch Monitor,In-Store,4,222.47,0.15,756.4
N-1249,2026-01-22,Hassan Clarke,Smart LED Lamp,In-Store,2,30.63,0.0,61.26
N-1301,2026-01-22,Ayesha Miller,Noise-Cancelling Headphones,In-Store,1,149.51,0.15,127.08
N-1347,2026-01-22,Emma Butt,Laptop Stand,In-Store,1,34.86,0.1,31.37
S/7358,2026-01-22,Sofia Taylor,27-inch Monitor,In-Store,3,213.5,0.0,640.5
W50224,2026-01-22,Olivia Clarke,Ergonomic Chair,Online,2,247.66,0.0,495.32
W50247,2026-01-22,Ayesha Khan,Noise-Cancelling Headphones,Online,4,150.17,0.15,510.58
W50513,2026-01-22,Olivia Raza,Docking Station,Online,1,125.59,0.0,125.59
N-1134,2026-01-23,Daniel Iqbal,Noise-Cancelling Headphones,In-Store,2,147.86,0.05,280.93
N-1167,2026-01-23,Liam Brown,Noise-Cancelling Headphones,In-Store,4,150.03,0.0,600.12
N-1220,2026-01-23,Ali Khan,Noise-Cancelling Headphones,In-Store,3,146.37,0.0,439.11
N-1400,2026-01-23,Noah Davis,Laptop Stand,In-Store,1,35.66,0.05,33.88
W50127,2026-01-23,Zara Iqbal,Laptop Stand,Online,1,34.47,0.0,34.47
N-1056,2026-01-24,Hassan Khan,Webcam HD,In-Store,3,59.19,0.05,168.69
N-1109,2026-01-24,Maya Brown,Docking Station,In-Store,3,127.13,0.1,343.25
N-1162,2026-01-24,Olivia Sheikh,Wireless Mouse,In-Store,5,24.9,0.0,124.5
N-1175,2026-01-24,Emma Moore,Webcam HD,In-Store,1,57.37,0.0,57.37
N-1326,2026-01-24,Ayesha Raza,Bluetooth Speaker,In-Store,5,77.26,0.15,328.36
N-1415,2026-01-24,Fatima Davis,Noise-Cancelling Headphones,In-Store,1,145.75,0.15,123.89
S/7230,2026-01-24,Zara Moore,Ergonomic Chair,In-Store,3,244.34,0.0,733.02
S/7297,2026-01-24,Ethan Ahmed,Webcam HD,In-Store,1,59.07,0.15,50.21
W50229,2026-01-24,Sofia Brown,Ergonomic Chair,Online,2,247.14,0.05,469.57
W50369,2026-01-24,Usman Clarke,Smart LED Lamp,Online,1,29.55,0.1,26.6
N-1054,2026-01-25,Olivia Iqbal,27-inch Monitor,In-Store,1,225.44,0.0,225.44
N-1318,2026-01-25,Unknown,27-inch Monitor,In-Store,4,224.21,0.0,896.84
S/7007,2026-01-25,Hassan Malik,Ergonomic Chair,In-Store,1,251.32,0.1,226.19
W50004,2026-01-25,Daniel Iqbal,Webcam HD,Online,2,57.99,0.15,98.58
W50162,2026-01-25,Ethan Ahmed,Smart LED Lamp,Online,1,29.95,0.15,25.46
N-1048,2026-01-26,Chloe Taylor,USB-C Cable,In-Store,1,13.19,0.0,13.19
S/7101,2026-01-26,Daniel Malik,Laptop Stand,In-Store,2,34.61,0.0,69.22
W50014,2026-01-26,Ali Iqbal,27-inch Monitor,Online,3,221.39,0.15,564.54
W50025,2026-01-26,Fatima Khan,Laptop Stand,Online,2,34.04,0.05,64.68
W50049,2026-01-26,Olivia Moore,Smart LED Lamp,Online,5,29.55,0.0,147.75
W50087,2026-01-26,Unknown,Mechanical Keyboard,Online,5,86.94,0.0,434.7
W50300,2026-01-26,Ayesha Raza,Mechanical Keyboard,Online,4,87.66,0.15,298.04
W50375,2026-01-26,Omar Taylor,Docking Station,Online,5,125.94,0.15,535.25
N-1041,2026-01-27,Chloe Clarke,Smart LED Lamp,In-Store,4,30.87,0.0,123.48
N-1082,2026-01-27,Olivia Taylor,Webcam HD,In-Store,1,59.45,0.15,50.53
N-1100,2026-01-27,Daniel Davis,Laptop Stand,In-Store,1,34.46,0.0,34.46
N-1195,2026-01-27,Ayesha Butt,USB-C Cable,In-Store,2,12.71,0.0,25.42
N-1334,2026-01-27,Hassan Ahmed,Bluetooth Speaker,In-Store,1,76.84,0.0,76.84
S/7021,2026-01-27,Hannah Clarke,Webcam HD,In-Store,2,57.92,0.0,115.84
S/7093,2026-01-27,Ayesha Davis,Smart LED Lamp,In-Store,1,29.66,0.15,25.21
S/7172,2026-01-27,Olivia Taylor,USB-C Cable,In-Store,2,13.3,0.0,26.6
W50193,2026-01-27,Bilal Raza,Smart LED Lamp,Online,1,29.3,0.1,26.37
W50448,2026-01-27,Maya Taylor,Mechanical Keyboard,Online,3,89.09,0.0,267.27
W50481,2026-01-27,Maya Walker,Bluetooth Speaker,Online,3,80.96,0.05,230.74
N-1068,2026-01-28,Ali Iqbal,Bluetooth Speaker,In-Store,4,81.23,0.0,324.92
N-1297,2026-01-28,Hassan Taylor,Webcam HD,In-Store,1,57.78,0.1,52.0
N-1330,2026-01-28,Bilal Taylor,Laptop Stand,In-Store,1,35.05,0.1,31.55
N-1356,2026-01-28,Chloe Brown,Ergonomic Chair,In-Store,1,247.76,0.15,210.6
N-1374,2026-01-28,Hassan Miller,External SSD 1TB,In-Store,4,96.09,0.0,384.36
S/7067,2026-01-28,Hassan Iqbal,Noise-Cancelling Headphones,In-Store,5,147.45,0.0,737.25
S/7151,2026-01-28,Emma Brown,Wireless Mouse,In-Store,1,24.2,0.0,24.2
S/7160,2026-01-28,Hannah Miller,Wireless Mouse,In-Store,1,24.64,0.1,22.18
S/7186,2026-01-28,Ali Miller,Smart LED Lamp,In-Store,5,29.93,0.0,149.65
W50461,2026-01-28,Ethan Hussain,Wireless Mouse,Online,4,24.57,0.0,98.28
W50488,2026-01-28,Sofia Ahmed,Laptop Stand,Online,5,34.25,0.0,171.25
N-1130,2026-01-29,Sofia Walker,Webcam HD,In-Store,3,57.91,0.15,147.67
N-1209,2026-01-29,Daniel Miller,27-inch Monitor,In-Store,1,223.27,0.15,189.78
S/7072,2026-01-29,Chloe Malik,Ergonomic Chair,In-Store,1,254.22,0.05,241.51
S/7141,2026-01-29,Sofia Patel,Ergonomic Chair,In-Store,1,244.66,0.1,220.19
W50019,2026-01-29,Hannah Iqbal,Noise-Cancelling Headphones,Online,2,153.17,0.05,291.02
W50356,2026-01-29,Maya Khan,External SSD 1TB,Online,3,101.47,0.05,289.19
W50357,2026-01-29,Maya Patel,External SSD 1TB,Online,3,100.88,0.0,302.64
W50373,2026-01-29,Maya Raza,External SSD 1TB,Online,3,101.94,0.0,305.82
N-1312,2026-01-30,Hassan Clarke,Bluetooth Speaker,In-Store,3,77.68,0.0,233.04
S/7044,2026-01-30,Usman Malik,Noise-Cancelling Headphones,In-Store,1,147.4,0.1,132.66
S/7165,2026-01-30,Ali Wilson,Smart LED Lamp,In-Store,4,30.57,0.0,122.28
W50056,2026-01-30,Omar Wilson,Ergonomic Chair,Online,1,251.56,0.0,251.56
W50090,2026-01-30,Hassan Butt,Webcam HD,Online,3,57.72,0.15,147.19
W50129,2026-01-30,Maya Ahmed,USB-C Cable,Online,5,13.14,0.0,65.7
W50140,2026-01-30,Sofia Rossi,Mechanical Keyboard,Online,2,86.46,0.15,146.98
W50294,2026-01-30,Olivia Iqbal,Ergonomic Chair,Online,5,244.14,0.0,1220.7
W50298,2026-01-30,Hassan Taylor,Webcam HD,Online,1,60.66,0.05,57.63
W50466,2026-01-30,Zara Clarke,Laptop Stand,Online,1,35.06,0.0,35.06
W50471,2026-01-30,Fatima Moore,Wireless Mouse,Online,2,25.03,0.0,50.06
W50494,2026-01-30,Liam Hussain,Bluetooth Speaker,Online,2,80.58,0.1,145.04
N-1097,2026-01-31,Maya Khan,Webcam HD,In-Store,3,59.89,0.05,170.69
N-1359,2026-01-31,Bilal Wilson,External SSD 1TB,In-Store,1,98.51,0.0,98.51
S/7129,2026-01-31,Liam Ahmed,Ergonomic Chair,In-Store,2,252.21,0.0,504.42
S/7331,2026-01-31,Olivia Butt,Smart LED Lamp,In-Store,3,30.82,0.0,92.46
W50007,2026-01-31,Daniel Clarke,Bluetooth Speaker,Online,2,76.88,0.1,138.38
W50391,2026-01-31,Zara Khan,Wireless Mouse,Online,4,23.9,0.1,86.04
W50454,2026-01-31,Olivia Ahmed,Wireless Mouse,Online,3,23.84,0.0,71.52
N-1133,2026-02-01,Unknown,Noise-Cancelling Headphones,In-Store,4,147.72,0.0,590.88
N-1378,2026-02-01,Hannah Walker,External SSD 1TB,In-Store,1,96.2,0.0,96.2
N-1396,2026-02-01,Chloe Rossi,Mechanical Keyboard,In-Store,2,90.26,0.05,171.49
S/7012,2026-02-01,Noah Sheikh,Wireless Mouse,In-Store,3,24.38,0.15,62.17
W50147,2026-02-01,Usman Khan,27-inch Monitor,Online,4,213.5,0.1,768.6
W50301,2026-02-01,Noah Taylor,Ergonomic Chair,Online,3,244.78,0.0,734.34
W50350,2026-02-01,Chloe Sheikh,Noise-Cancelling Headphones,Online,1,149.38,0.15,126.97
W50411,2026-02-01,Chloe Taylor,Mechanical Keyboard,Online,1,86.36,0.0,86.36
W50478,2026-02-01,Sofia Butt,Webcam HD,Online,1,57.91,0.15,49.22
N-1117,2026-02-02,Noah Miller,USB-C Cable,In-Store,2,13.35,0.15,22.7
N-1166,2026-02-02,Daniel Iqbal,Laptop Stand,In-Store,3,34.05,0.15,86.83
N-1262,2026-02-02,Maya Ahmed,Smart LED Lamp,In-Store,3,29.7,0.1,80.19
W50215,2026-02-02,Noah Taylor,Wireless Mouse,Online,1,25.05,0.05,23.8
W50311,2026-02-02,Hassan Taylor,Mechanical Keyboard,Online,2,87.06,0.15,148.0
W50405,2026-02-02,Sofia Ahmed,Ergonomic Chair,Online,2,252.5,0.15,429.25
N-1059,2026-02-03,Ali Hussain,Laptop Stand,In-Store,4,34.25,0.1,123.3
N-1188,2026-02-03,Bilal Brown,USB-C Cable,In-Store,1,12.62,0.0,12.62
S/7125,2026-02-03,Liam Raza,Mechanical Keyboard,In-Store,5,87.12,0.05,413.82
S/7189,2026-02-03,Fatima Sheikh,Bluetooth Speaker,In-Store,2,79.57,0.0,159.14
W50008,2026-02-03,Hassan Wilson,Ergonomic Chair,Online,2,245.41,0.1,441.74
W50070,2026-02-03,Maya Raza,USB-C Cable,Online,5,12.83,0.0,64.15
N-1005,2026-02-04,Ethan Raza,Docking Station,In-Store,1,129.31,0.1,116.38
N-1177,2026-02-04,Ayesha Rossi,Smart LED Lamp,In-Store,1,29.44,0.05,27.97
N-1191,2026-02-04,Ayesha Brown,Mechanical Keyboard,In-Store,1,88.74,0.0,88.74
N-1417,2026-02-04,Hassan Davis,Bluetooth Speaker,In-Store,1,80.82,0.0,80.82
S/7065,2026-02-04,Sofia Miller,Docking Station,In-Store,2,126.13,0.0,252.26
S/7089,2026-02-04,Ali Walker,Laptop Stand,In-Store,3,34.35,0.1,92.75
W50011,2026-02-04,Omar Walker,Mechanical Keyboard,Online,2,88.13,0.0,176.26
W50160,2026-02-04,Usman Clarke,27-inch Monitor,Online,1,213.47,0.15,181.45
W50339,2026-02-04,Noah Ahmed,Wireless Mouse,Online,1,25.17,0.05,23.91
W50444,2026-02-04,Bilal Khan,Bluetooth Speaker,Online,1,77.62,0.1,69.86
N-1108,2026-02-05,Usman Malik,Noise-Cancelling Headphones,In-Store,2,145.34,0.0,290.68
N-1207,2026-02-05,Daniel Rossi,USB-C Cable,In-Store,1,12.65,0.1,11.39
N-1320,2026-02-05,Emma Khan,Docking Station,In-Store,2,126.57,0.05,240.48
N-1357,2026-02-05,Fatima Hussain,Webcam HD,In-Store,1,59.85,0.15,50.87
W50117,2026-02-05,Usman Butt,Laptop Stand,Online,1,35.41,0.0,35.41
W50447,2026-02-05,Noah Moore,Wireless Mouse,Online,2,25.07,0.05,47.63
N-1046,2026-02-06,Bilal Ahmed,Mechanical Keyboard,In-Store,1,88.07,0.1,79.26
N-1252,2026-02-06,Noah Walker,External SSD 1TB,In-Store,5,98.09,0.0,490.45
N-1309,2026-02-06,Ayesha Taylor,27-inch Monitor,In-Store,2,222.93,0.0,445.86
S/7197,2026-02-06,Omar Raza,External SSD 1TB,In-Store,1,96.24,0.0,96.24
S/7277,2026-02-06,Emma Butt,Webcam HD,In-Store,1,57.52,0.15,48.89
S/7289,2026-02-06,Noah Miller,Mechanical Keyboard,In-Store,1,90.67,0.15,77.07
W50051,2026-02-06,Sofia Iqbal,Mechanical Keyboard,Online,4,87.01,0.15,295.83
W50166,2026-02-06,Chloe Patel,Noise-Cancelling Headphones,Online,5,144.86,0.0,724.3
W50287,2026-02-06,Usman Taylor,27-inch Monitor,Online,5,214.63,0.0,1073.15
W50434,2026-02-06,Usman Rossi,Ergonomic Chair,Online,2,247.11,0.15,420.09
W50484,2026-02-06,Bilal Butt,Docking Station,Online,3,127.11,0.0,381.33
N-1029,2026-02-07,Usman Khan,Webcam HD,In-Store,2,60.69,0.0,121.38
N-1192,2026-02-07,Zara Wilson,Smart LED Lamp,In-Store,2,30.83,0.0,61.66
S/7322,2026-02-07,Chloe Davis,Noise-Cancelling Headphones,In-Store,1,148.49,0.0,148.49
S/7334,2026-02-07,Sofia Miller,Webcam HD,In-Store,4,60.57,0.0,242.28
W50281,2026-02-07,Chloe Wilson,Mechanical Keyboard,Online,1,89.02,0.05,84.57
N-1001,2026-02-08,Olivia Miller,Webcam HD,In-Store,1,60.14,0.0,60.14
N-1039,2026-02-08,Emma Clarke,USB-C Cable,In-Store,5,13.11,0.0,65.55
N-1079,2026-02-08,Ethan Clarke,Bluetooth Speaker,In-Store,1,80.54,0.15,68.46
S/7052,2026-02-08,Hassan Wilson,External SSD 1TB,In-Store,1,96.74,0.1,87.07
S/7096,2026-02-08,Fatima Clarke,Mechanical Keyboard,In-Store,3,89.26,0.0,267.78
W50331,2026-02-08,Maya Patel,Wireless Mouse,Online,4,23.79,0.0,95.16
N-1053,2026-02-09,Hassan Clarke,Wireless Mouse,In-Store,2,25.06,0.05,47.61
N-1158,2026-02-09,Usman Rossi,Docking Station,In-Store,1,128.21,0.0,128.21
N-1223,2026-02-09,Emma Butt,Docking Station,In-Store,3,126.44,0.05,360.35
N-1226,2026-02-09,Noah Patel,Mechanical Keyboard,In-Store,3,87.19,0.0,261.57
N-1316,2026-02-09,Chloe Miller,Wireless Mouse,In-Store,2,24.59,0.0,49.18
S/7088,2026-02-09,Ethan Iqbal,Docking Station,In-Store,3,131.67,0.0,395.01
S/7134,2026-02-09,Maya Rossi,Mechanical Keyboard,In-Store,2,90.97,0.05,172.84
W50048,2026-02-09,Sofia Rossi,Wireless Mouse,Online,1,24.56,0.0,24.56
W50071,2026-02-09,Liam Walker,Webcam HD,Online,3,58.22,0.15,148.46
W50309,2026-02-09,Hassan Miller,Noise-Cancelling Headphones,Online,4,151.92,0.15,516.53
W50327,2026-02-09,Usman Davis,Smart LED Lamp,Online,3,29.41,0.05,83.82
W50341,2026-02-09,Olivia Butt,27-inch Monitor,Online,1,214.48,0.1,193.03
W50449,2026-02-09,Zara Wilson,Mechanical Keyboard,Online,1,90.45,0.05,85.93
S/7063,2026-02-10,Sofia Raza,Bluetooth Speaker,In-Store,2,77.52,0.1,139.54
S/7198,2026-02-10,Noah Ahmed,Laptop Stand,In-Store,5,35.01,0.0,175.05
S/7345,2026-02-10,Daniel Rossi,Mechanical Keyboard,In-Store,2,88.04,0.0,176.08
W50033,2026-02-10,Unknown,Mechanical Keyboard,Online,1,89.47,0.0,89.47
W50042,2026-02-10,Daniel Davis,Smart LED Lamp,Online,1,29.69,0.0,29.69
N-1258,2026-02-11,Maya Taylor,USB-C Cable,In-Store,5,13.12,0.05,62.32
W50486,2026-02-11,Liam Davis,27-inch Monitor,Online,5,217.21,0.05,1031.75
N-1315,2026-02-12,Zara Iqbal,Webcam HD,In-Store,1,58.36,0.05,55.44
S/7004,2026-02-12,Bilal Wilson,Wireless Mouse,In-Store,2,25.01,0.0,50.02
S/7182,2026-02-12,Ethan Sheikh,Smart LED Lamp,In-Store,3,30.03,0.05,85.59
N-1104,2026-02-13,Bilal Raza,Mechanical Keyboard,In-Store,3,87.83,0.0,263.49
N-1132,2026-02-13,Omar Khan,Bluetooth Speaker,In-Store,1,77.96,0.0,77.96
S/7207,2026-02-13,Olivia Raza,Smart LED Lamp,In-Store,1,29.44,0.0,29.44
S/7319,2026-02-13,Hannah Patel,Ergonomic Chair,In-Store,4,246.13,0.0,984.52
S/7112,2026-02-14,Ayesha Clarke,External SSD 1TB,In-Store,2,97.18,0.1,174.92
S/7169,2026-02-14,Sofia Davis,Mechanical Keyboard,In-Store,2,86.9,0.0,173.8
S/7249,2026-02-14,Hassan Wilson,Ergonomic Chair,In-Store,1,250.93,0.15,213.29
W50083,2026-02-14,Bilal Butt,External SSD 1TB,Online,4,96.98,0.0,387.92
W50370,2026-02-14,Ayesha Khan,Smart LED Lamp,Online,3,29.67,0.0,89.01
N-1037,2026-02-15,Ali Patel,Bluetooth Speaker,In-Store,1,80.43,0.15,68.37
N-1066,2026-02-15,Zara Sheikh,Smart LED Lamp,In-Store,1,30.88,0.0,30.88
N-1398,2026-02-15,Noah Patel,Ergonomic Chair,In-Store,2,251.43,0.0,502.86
S/7011,2026-02-15,Chloe Clarke,27-inch Monitor,In-Store,1,213.98,0.0,213.98
S/7081,2026-02-15,Usman Wilson,Webcam HD,In-Store,3,57.69,0.0,173.07
S/7275,2026-02-15,Sofia Sheikh,27-inch Monitor,In-Store,2,223.08,0.0,446.16
W50141,2026-02-15,Olivia Moore,Webcam HD,Online,4,60.4,0.0,241.6
W50310,2026-02-15,Chloe Patel,Laptop Stand,Online,2,34.74,0.0,69.48
N-1168,2026-02-16,Fatima Miller,Bluetooth Speaker,In-Store,4,81.08,0.0,324.32
N-1181,2026-02-16,Olivia Walker,27-inch Monitor,In-Store,2,221.36,0.05,420.58
W50260,2026-02-16,Bilal Iqbal,Docking Station,Online,3,132.19,0.0,396.57
W50332,2026-02-16,Ali Hussain,Wireless Mouse,Online,3,23.85,0.15,60.82
N-1387,2026-02-17,Ayesha Davis,Noise-Cancelling Headphones,In-Store,4,149.55,0.0,598.2
W50069,2026-02-17,Bilal Ahmed,Wireless Mouse,Online,3,24.05,0.05,68.54
W50251,2026-02-17,Fatima Davis,External SSD 1TB,Online,4,98.07,0.0,392.28
W50313,2026-02-17,Sofia Hussain,Noise-Cancelling Headphones,Online,1,146.42,0.0,146.42
W50368,2026-02-17,Ali Raza,Webcam HD,Online,2,58.75,0.0,117.5
N-1295,2026-02-18,Fatima Malik,27-inch Monitor,In-Store,1,214.8,0.15,182.58
S/7299,2026-02-18,Usman Taylor,USB-C Cable,In-Store,1,13.08,0.1,11.77
S/7360,2026-02-18,Maya Miller,USB-C Cable,In-Store,3,12.6,0.0,37.8
W50043,2026-02-18,Chloe Wilson,Docking Station,Online,1,126.9,0.0,126.9
W50076,2026-02-18,Fatima Khan,External SSD 1TB,Online,2,97.78,0.0,195.56
W50184,2026-02-18,Maya Taylor,Webcam HD,Online,5,60.04,0.15,255.17
N-1119,2026-02-19,Olivia Hussain,External SSD 1TB,In-Store,2,100.73,0.0,201.46
N-1126,2026-02-19,Noah Taylor,Laptop Stand,In-Store,2,34.5,0.0,69.0
N-1137,2026-02-19,Sofia Patel,Laptop Stand,In-Store,3,34.51,0.1,93.18
N-1333,2026-02-19,Zara Khan,Ergonomic Chair,In-Store,5,249.34,0.15,1059.7
S/7045,2026-02-19,Bilal Butt,27-inch Monitor,In-Store,3,224.45,0.1,606.02
S/7057,2026-02-19,Hassan Patel,Laptop Stand,In-Store,2,36.03,0.1,64.85
S/7083,2026-02-19,Omar Sheikh,27-inch Monitor,In-Store,3,220.8,0.15,563.04
S/7199,2026-02-19,Omar Rossi,USB-C Cable,In-Store,3,13.25,0.15,33.79
W50151,2026-02-19,Chloe Rossi,Docking Station,Online,1,127.37,0.05,121.0
N-1098,2026-02-20,Ayesha Davis,Wireless Mouse,In-Store,2,24.31,0.05,46.19
N-1405,2026-02-20,Ethan Clarke,Noise-Cancelling Headphones,In-Store,4,151.13,0.1,544.07
S/7002,2026-02-20,Sofia Clarke,Mechanical Keyboard,In-Store,5,86.7,0.0,433.5
W50367,2026-02-20,Sofia Khan,External SSD 1TB,Online,1,96.9,0.05,92.06
W50396,2026-02-20,Ethan Moore,Bluetooth Speaker,Online,1,80.27,0.0,80.27
N-1051,2026-02-21,Emma Clarke,Docking Station,In-Store,4,126.07,0.05,479.07
N-1202,2026-02-21,Liam Patel,Ergonomic Chair,In-Store,2,254.68,0.0,509.36
N-1208,2026-02-21,Usman Rossi,Webcam HD,In-Store,4,57.61,0.0,230.44
N-1237,2026-02-21,Chloe Sheikh,Mechanical Keyboard,In-Store,1,90.85,0.05,86.31
W50189,2026-02-21,Noah Patel,Noise-Cancelling Headphones,Online,1,144.77,0.0,144.77
N-1238,2026-02-22,Bilal Moore,Docking Station,In-Store,1,130.08,0.0,130.08
S/7260,2026-02-22,Emma Iqbal,Laptop Stand,In-Store,4,35.81,0.15,121.75
W50305,2026-02-22,Liam Davis,Docking Station,Online,1,132.1,0.1,118.89
W50397,2026-02-22,Emma Brown,Noise-Cancelling Headphones,Online,2,144.9,0.0,289.8
N-1263,2026-02-23,Ethan Raza,Docking Station,In-Store,3,128.4,0.1,346.68
S/7314,2026-02-23,Chloe Iqbal,Webcam HD,In-Store,2,60.24,0.0,120.48
S/7324,2026-02-23,Ali Butt,Ergonomic Chair,In-Store,1,253.67,0.05,240.99
W50028,2026-02-23,Omar Hussain,Wireless Mouse,Online,3,24.76,0.05,70.57
W50088,2026-02-23,Noah Wilson,Docking Station,Online,3,131.69,0.1,355.56
W50130,2026-02-23,Hassan Miller,27-inch Monitor,Online,3,222.38,0.05,633.78
W50214,2026-02-23,Sofia Khan,Mechanical Keyboard,Online,1,91.18,0.05,86.62
W50268,2026-02-23,Hassan Khan,Noise-Cancelling Headphones,Online,5,152.5,0.0,762.5
W50288,2026-02-23,Maya Ahmed,Docking Station,Online,2,128.54,0.0,257.08
W50437,2026-02-23,Bilal Rossi,Wireless Mouse,Online,4,24.51,0.15,83.33
W50511,2026-02-23,Emma Butt,Docking Station,Online,5,131.47,0.1,591.62
N-1218,2026-02-24,Noah Iqbal,Laptop Stand,In-Store,1,34.17,0.15,29.04
S/7242,2026-02-24,Hassan Brown,Webcam HD,In-Store,5,60.24,0.0,301.2
S/7338,2026-02-24,Emma Wilson,External SSD 1TB,In-Store,2,98.77,0.05,187.66
W50133,2026-02-24,Daniel Butt,Noise-Cancelling Headphones,Online,2,148.65,0.1,267.57
W50170,2026-02-24,Bilal Patel,Docking Station,Online,1,129.19,0.0,129.19
W50257,2026-02-24,Hassan Ahmed,Mechanical Keyboard,Online,3,88.16,0.1,238.03
W50307,2026-02-24,Liam Malik,Bluetooth Speaker,Online,5,77.25,0.0,386.25
W50502,2026-02-24,Olivia Raza,Smart LED Lamp,Online,2,30.19,0.1,54.34
N-1069,2026-02-25,Unknown,Ergonomic Chair,In-Store,2,253.96,0.15,431.73
S/7128,2026-02-25,Maya Iqbal,Ergonomic Chair,In-Store,3,256.31,0.0,768.93
W50116,2026-02-25,Maya Raza,External SSD 1TB,Online,1,101.21,0.0,101.21
W50249,2026-02-25,Maya Iqbal,Bluetooth Speaker,Online,1,79.93,0.0,79.93
W50267,2026-02-25,Maya Iqbal,Laptop Stand,Online,1,35.9,0.0,35.9
W50299,2026-02-25,Sofia Taylor,Ergonomic Chair,Online,5,253.31,0.1,1139.9
N-1187,2026-02-26,Hannah Davis,USB-C Cable,In-Store,4,12.93,0.0,51.72
S/7055,2026-02-26,Usman Brown,External SSD 1TB,In-Store,2,100.37,0.1,180.67
S/7056,2026-02-26,Usman Brown,Noise-Cancelling Headphones,In-Store,5,152.54,0.0,762.7
S/7309,2026-02-26,Olivia Raza,Webcam HD,In-Store,1,58.07,0.0,58.07
W50047,2026-02-26,Unknown,Webcam HD,Online,4,59.67,0.05,226.75
W50109,2026-02-26,Zara Hussain,27-inch Monitor,Online,2,214.18,0.0,428.36
W50255,2026-02-26,Maya Brown,USB-C Cable,Online,3,13.21,0.05,37.65
W50436,2026-02-26,Bilal Hussain,27-inch Monitor,Online,1,218.83,0.1,196.95
W50485,2026-02-26,Emma Hussain,Ergonomic Chair,Online,4,246.12,0.1,886.03
N-1004,2026-02-27,Daniel Wilson,Wireless Mouse,In-Store,1,25.2,0.0,25.2
S/7247,2026-02-27,Liam Khan,Mechanical Keyboard,In-Store,1,86.7,0.15,73.7
S/7263,2026-02-27,Liam Sheikh,Bluetooth Speaker,In-Store,1,78.37,0.0,78.37
W50045,2026-02-27,Olivia Ahmed,Ergonomic Chair,Online,2,247.62,0.1,445.72
W50128,2026-02-27,Hassan Brown,Bluetooth Speaker,Online,4,77.17,0.0,308.68
W50239,2026-02-27,Omar Miller,Noise-Cancelling Headphones,Online,1,148.88,0.0,148.88
W50432,2026-02-27,Olivia Patel,Webcam HD,Online,4,57.69,0.1,207.68
N-1058,2026-02-28,Omar Rossi,Wireless Mouse,In-Store,2,24.16,0.0,48.32
N-1322,2026-02-28,Liam Malik,Docking Station,In-Store,1,131.55,0.1,118.4
N-1394,2026-02-28,Emma Clarke,27-inch Monitor,In-Store,2,220.26,0.05,418.49
S/7048,2026-02-28,Chloe Sheikh,Noise-Cancelling Headphones,In-Store,1,150.95,0.05,143.4
S/7132,2026-02-28,Liam Taylor,Bluetooth Speaker,In-Store,2,79.52,0.0,159.04
S/7273,2026-02-28,Hannah Sheikh,USB-C Cable,In-Store,3,12.72,0.0,38.16
S/7292,2026-02-28,Olivia Hussain,Smart LED Lamp,In-Store,1,29.27,0.0,29.27
W50157,2026-02-28,Hassan Ahmed,Webcam HD,Online,3,59.03,0.1,159.38
W50207,2026-02-28,Unknown,Laptop Stand,Online,2,34.15,0.0,68.3
N-1019,2026-03-01,Noah Khan,Mechanical Keyboard,In-Store,5,90.77,0.0,453.85
N-1150,2026-03-01,Omar Taylor,Docking Station,In-Store,1,125.92,0.05,119.62
N-1199,2026-03-01,Daniel Ahmed,Laptop Stand,In-Store,3,35.81,0.15,91.32
S/7153,2026-03-01,Sofia Sheikh,27-inch Monitor,In-Store,1,218.27,0.15,185.53
S/7240,2026-03-01,Daniel Davis,Laptop Stand,In-Store,5,34.96,0.0,174.8
W50015,2026-03-01,Emma Iqbal,Noise-Cancelling Headphones,Online,2,152.78,0.0,305.56
N-1304,2026-03-02,Noah Walker,Webcam HD,In-Store,1,60.56,0.0,60.56
N-1390,2026-03-02,Ali Miller,Webcam HD,In-Store,2,59.58,0.0,119.16
S/7213,2026-03-02,Noah Walker,External SSD 1TB,In-Store,4,97.54,0.1,351.14
S/7241,2026-03-02,Olivia Patel,Laptop Stand,In-Store,1,35.27,0.05,33.51
W50442,2026-03-02,Chloe Davis,Ergonomic Chair,Online,1,255.78,0.1,230.2
W50451,2026-03-02,Daniel Patel,27-inch Monitor,Online,1,221.01,0.05,209.96
N-1064,2026-03-03,Omar Walker,Docking Station,In-Store,2,125.52,0.0,251.04
N-1203,2026-03-03,Olivia Butt,External SSD 1TB,In-Store,5,98.83,0.1,444.74
N-1339,2026-03-03,Maya Raza,Noise-Cancelling Headphones,In-Store,3,151.82,0.1,409.91
N-1391,2026-03-03,Hannah Rossi,Mechanical Keyboard,In-Store,2,87.77,0.0,175.54
S/7023,2026-03-03,Noah Taylor,Ergonomic Chair,In-Store,2,248.8,0.0,497.6
S/7094,2026-03-03,Unknown,USB-C Cable,In-Store,1,12.85,0.15,10.92
S/7218,2026-03-03,Chloe Khan,Noise-Cancelling Headphones,In-Store,1,149.84,0.15,127.36
S/7294,2026-03-03,Ayesha Butt,Noise-Cancelling Headphones,In-Store,2,147.01,0.1,264.62
W50077,2026-03-03,Noah Iqbal,Ergonomic Chair,Online,3,243.34,0.1,657.02
W50292,2026-03-03,Usman Moore,Noise-Cancelling Headphones,Online,3,149.15,0.0,447.45
W50351,2026-03-03,Noah Brown,27-inch Monitor,Online,2,216.91,0.05,412.13
W50418,2026-03-03,Liam Clarke,27-inch Monitor,Online,4,213.44,0.0,853.76
N-1009,2026-03-04,Sofia Davis,Ergonomic Chair,In-Store,5,254.6,0.15,1082.05
N-1234,2026-03-04,Olivia Walker,Noise-Cancelling Headphones,In-Store,2,152.12,0.05,289.03
N-1248,2026-03-04,Ethan Patel,Webcam HD,In-Store,5,58.95,0.1,265.28
S/7029,2026-03-04,Hassan Iqbal,External SSD 1TB,In-Store,3,100.72,0.05,287.05
S/7076,2026-03-04,Bilal Khan,Webcam HD,In-Store,5,58.21,0.0,291.05
W50023,2026-03-04,Sofia Raza,Laptop Stand,Online,1,34.38,0.0,34.38
W50200,2026-03-04,Ayesha Walker,USB-C Cable,Online,2,12.79,0.05,24.3
W50278,2026-03-04,Hannah Khan,27-inch Monitor,Online,2,214.15,0.05,406.89
N-1016,2026-03-05,Olivia Wilson,Mechanical Keyboard,In-Store,5,86.76,0.05,412.11
N-1076,2026-03-05,Chloe Khan,27-inch Monitor,In-Store,1,215.9,0.0,215.9
N-1148,2026-03-05,Unknown,Bluetooth Speaker,In-Store,2,77.36,0.1,139.25
N-1327,2026-03-05,Liam Sheikh,Laptop Stand,In-Store,1,34.28,0.0,34.28
N-1403,2026-03-05,Olivia Sheikh,Bluetooth Speaker,In-Store,1,77.49,0.0,77.49
S/7124,2026-03-05,Omar Butt,Noise-Cancelling Headphones,In-Store,2,145.86,0.05,277.13
S/7144,2026-03-05,Daniel Rossi,Smart LED Lamp,In-Store,1,30.05,0.0,30.05
S/7154,2026-03-05,Bilal Rossi,Mechanical Keyboard,In-Store,1,90.48,0.1,81.43
W50183,2026-03-05,Hannah Malik,Wireless Mouse,Online,1,24.07,0.15,20.46
W50195,2026-03-05,Hassan Taylor,Bluetooth Speaker,Online,4,77.12,0.15,262.21
N-1026,2026-03-06,Unknown,Smart LED Lamp,In-Store,5,29.31,0.05,139.22
N-1140,2026-03-06,Ali Iqbal,Noise-Cancelling Headphones,In-Store,1,152.83,0.0,152.83
W50152,2026-03-06,Noah Patel,Bluetooth Speaker,Online,1,79.3,0.0,79.3
W50174,2026-03-06,Noah Khan,Noise-Cancelling Headphones,Online,1,148.66,0.05,141.23
W50276,2026-03-06,Zara Khan,Smart LED Lamp,Online,4,30.75,0.0,123.0
W50443,2026-03-06,Liam Brown,USB-C Cable,Online,1,13.08,0.1,11.77
N-1155,2026-03-07,Daniel Malik,27-inch Monitor,In-Store,1,223.19,0.05,212.03
N-1224,2026-03-07,Noah Clarke,Ergonomic Chair,In-Store,3,248.43,0.15,633.5
S/7145,2026-03-07,Zara Taylor,Docking Station,In-Store,2,126.35,0.1,227.43
S/7150,2026-03-07,Hannah Butt,External SSD 1TB,In-Store,2,101.06,0.15,171.8
S/7215,2026-03-07,Bilal Davis,Mechanical Keyboard,In-Store,3,90.58,0.05,258.15
W50064,2026-03-07,Bilal Patel,USB-C Cable,Online,2,13.17,0.0,26.34
W50181,2026-03-07,Zara Hussain,Webcam HD,Online,4,59.98,0.05,227.92
W50297,2026-03-07,Bilal Taylor,Bluetooth Speaker,Online,4,77.18,0.0,308.72
W50306,2026-03-07,Zara Taylor,Laptop Stand,Online,1,34.56,0.15,29.38
W50438,2026-03-07,Sofia Ahmed,Ergonomic Chair,Online,1,246.86,0.0,246.86
W50495,2026-03-07,Ayesha Raza,27-inch Monitor,Online,3,217.18,0.0,651.54
N-1030,2026-03-08,Chloe Sheikh,Ergonomic Chair,In-Store,1,246.84,0.0,246.84
N-1043,2026-03-08,Usman Raza,Webcam HD,In-Store,1,57.45,0.15,48.83
N-1227,2026-03-08,Omar Walker,27-inch Monitor,In-Store,1,215.0,0.0,215.0
N-1272,2026-03-08,Ethan Walker,Ergonomic Chair,In-Store,4,242.04,0.0,968.16
S/7060,2026-03-08,Zara Khan,Ergonomic Chair,In-Store,2,242.12,0.05,460.03
S/7148,2026-03-08,Ali Khan,Docking Station,In-Store,2,126.38,0.0,252.76
S/7330,2026-03-08,Hassan Taylor,USB-C Cable,In-Store,4,12.8,0.0,51.2
W50044,2026-03-08,Emma Rossi,Noise-Cancelling Headphones,Online,2,152.6,0.0,305.2
W50293,2026-03-08,Hassan Davis,Noise-Cancelling Headphones,Online,1,148.47,0.0,148.47
W50498,2026-03-08,Noah Miller,Smart LED Lamp,Online,3,29.13,0.1,78.65
N-1028,2026-03-09,Bilal Walker,Webcam HD,In-Store,1,57.96,0.1,52.16
N-1138,2026-03-09,Maya Hussain,USB-C Cable,In-Store,2,12.6,0.1,22.68
N-1182,2026-03-09,Omar Moore,Mechanical Keyboard,In-Store,1,89.73,0.0,89.73
S/7114,2026-03-09,Bilal Iqbal,USB-C Cable,In-Store,1,13.2,0.05,12.54
S/7296,2026-03-09,Olivia Raza,Noise-Cancelling Headphones,In-Store,3,149.48,0.05,426.02
W50145,2026-03-09,Fatima Clarke,Bluetooth Speaker,Online,5,78.48,0.1,353.16
W50371,2026-03-09,Noah Brown,Noise-Cancelling Headphones,Online,1,153.3,0.0,153.3
W50426,2026-03-09,Bilal Miller,Ergonomic Chair,Online,5,248.96,0.1,1120.32
N-1073,2026-03-10,Emma Khan,Mechanical Keyboard,In-Store,2,88.27,0.0,176.54
N-1358,2026-03-10,Hannah Raza,Bluetooth Speaker,In-Store,1,76.65,0.1,68.99
N-1377,2026-03-10,Usman Moore,External SSD 1TB,In-Store,1,99.44,0.05,94.47
N-1381,2026-03-10,Omar Rossi,USB-C Cable,In-Store,3,12.75,0.1,34.43
S/7042,2026-03-10,Liam Malik,External SSD 1TB,In-Store,4,99.06,0.0,396.24
S/7250,2026-03-10,Noah Patel,Smart LED Lamp,In-Store,3,30.51,0.15,77.8
W50178,2026-03-10,Hassan Wilson,Bluetooth Speaker,Online,1,77.54,0.15,65.91
W50282,2026-03-10,Sofia Brown,Laptop Stand,Online,1,34.91,0.15,29.67
W50479,2026-03-10,Emma Raza,Wireless Mouse,Online,3,24.76,0.0,74.28
N-1111,2026-03-11,Maya Miller,Noise-Cancelling Headphones,In-Store,5,147.01,0.0,735.05
S/7327,2026-03-11,Ethan Wilson,Mechanical Keyboard,In-Store,1,87.41,0.0,87.41
W50067,2026-03-11,Usman Miller,USB-C Cable,Online,3,12.88,0.0,38.64
W50254,2026-03-11,Emma Davis,Noise-Cancelling Headphones,Online,3,146.81,0.15,374.37
W50487,2026-03-11,Bilal Miller,Wireless Mouse,Online,2,25.05,0.15,42.59
N-1290,2026-03-12,Usman Iqbal,Mechanical Keyboard,In-Store,3,89.18,0.1,240.79
S/7332,2026-03-12,Chloe Taylor,Webcam HD,In-Store,4,59.29,0.0,237.16
W50054,2026-03-12,Unknown,Noise-Cancelling Headphones,Online,5,146.14,0.0,730.7
W50115,2026-03-12,Hassan Ahmed,Laptop Stand,Online,5,34.53,0.1,155.39
W50243,2026-03-12,Usman Brown,Smart LED Lamp,Online,1,30.09,0.05,28.59
W50265,2026-03-12,Hassan Ahmed,Wireless Mouse,Online,5,23.98,0.1,107.91
W50501,2026-03-12,Daniel Brown,Webcam HD,Online,1,59.64,0.15,50.69
N-1033,2026-03-13,Bilal Hussain,USB-C Cable,In-Store,2,13.14,0.0,26.28
N-1147,2026-03-13,Zara Sheikh,Laptop Stand,In-Store,2,35.49,0.0,70.98
N-1229,2026-03-13,Fatima Wilson,Wireless Mouse,In-Store,5,23.81,0.05,113.1
N-1410,2026-03-13,Chloe Rossi,27-inch Monitor,In-Store,3,224.87,0.05,640.88
W50005,2026-03-13,Hassan Malik,Laptop Stand,Online,4,35.55,0.15,120.87
W50006,2026-03-13,Emma Patel,Smart LED Lamp,Online,4,30.32,0.15,103.09
W50026,2026-03-13,Maya Khan,Wireless Mouse,Online,4,24.28,0.15,82.55
N-1014,2026-03-14,Olivia Sheikh,Bluetooth Speaker,In-Store,1,81.09,0.0,81.09
N-1020,2026-03-14,Ayesha Clarke,Laptop Stand,In-Store,4,35.06,0.1,126.22
N-1159,2026-03-14,Ethan Raza,Noise-Cancelling Headphones,In-Store,1,147.32,0.1,132.59
N-1212,2026-03-14,Daniel Sheikh,Laptop Stand,In-Store,3,35.56,0.1,96.01
S/7059,2026-03-14,Maya Ahmed,Docking Station,In-Store,5,125.67,0.15,534.1
S/7090,2026-03-14,Unknown,USB-C Cable,In-Store,1,13.37,0.05,12.7
S/7295,2026-03-14,Maya Ahmed,Smart LED Lamp,In-Store,2,29.56,0.0,59.12
W50021,2026-03-14,Emma Sheikh,Wireless Mouse,Online,3,24.47,0.15,62.4
W50435,2026-03-14,Olivia Moore,Bluetooth Speaker,Online,3,77.59,0.1,209.49
W50473,2026-03-14,Daniel Taylor,Webcam HD,Online,1,60.55,0.05,57.52
N-1010,2026-03-15,Sofia Ahmed,Bluetooth Speaker,In-Store,4,77.41,0.0,309.64
N-1210,2026-03-15,Bilal Ahmed,Smart LED Lamp,In-Store,1,29.27,0.15,24.88
N-1215,2026-03-15,Liam Raza,External SSD 1TB,In-Store,1,99.14,0.0,99.14
S/7344,2026-03-15,Noah Rossi,Laptop Stand,In-Store,4,35.03,0.0,140.12
W50046,2026-03-15,Hassan Patel,Smart LED Lamp,Online,2,29.57,0.15,50.27
W50139,2026-03-15,Daniel Davis,Wireless Mouse,Online,2,24.93,0.15,42.38
W50352,2026-03-15,Daniel Khan,Laptop Stand,Online,4,34.57,0.15,117.54
N-1264,2026-03-16,Ethan Sheikh,USB-C Cable,In-Store,5,12.91,0.1,58.1
N-1420,2026-03-16,Ayesha Sheikh,Ergonomic Chair,In-Store,5,244.61,0.0,1223.05
S/7264,2026-03-16,Zara Miller,27-inch Monitor,In-Store,2,222.24,0.0,444.48
W50199,2026-03-16,Ayesha Clarke,USB-C Cable,Online,3,13.15,0.15,33.53
W50509,2026-03-16,Bilal Butt,27-inch Monitor,Online,1,213.12,0.05,202.46
N-1201,2026-03-17,Fatima Rossi,Laptop Stand,In-Store,1,34.3,0.0,34.3
N-1211,2026-03-17,Unknown,27-inch Monitor,In-Store,4,215.86,0.0,863.44
N-1319,2026-03-17,Hannah Khan,Ergonomic Chair,In-Store,5,253.59,0.0,1267.95
N-1348,2026-03-17,Ali Davis,Mechanical Keyboard,In-Store,2,87.63,0.0,175.26
S/7281,2026-03-17,Hannah Clarke,Mechanical Keyboard,In-Store,1,88.03,0.15,74.83
N-1254,2026-03-18,Fatima Iqbal,Smart LED Lamp,In-Store,2,30.05,0.15,51.09
W50106,2026-03-18,Sofia Malik,Laptop Stand,Online,5,35.21,0.0,176.05
W50136,2026-03-18,Ali Malik,Mechanical Keyboard,Online,1,89.76,0.15,76.3
W50272,2026-03-18,Olivia Taylor,USB-C Cable,Online,5,12.81,0.0,64.05
W50413,2026-03-18,Sofia Ahmed,External SSD 1TB,Online,1,98.67,0.0,98.67
N-1141,2026-03-19,Hannah Brown,USB-C Cable,In-Store,3,13.27,0.05,37.82
N-1190,2026-03-19,Hannah Malik,External SSD 1TB,In-Store,3,99.74,0.05,284.26
N-1228,2026-03-19,Ethan Raza,Mechanical Keyboard,In-Store,2,87.38,0.15,148.55
S/7200,2026-03-19,Liam Iqbal,27-inch Monitor,In-Store,2,220.33,0.0,440.66
S/7311,2026-03-19,Omar Sheikh,Docking Station,In-Store,3,132.7,0.15,338.39
W50149,2026-03-19,Chloe Khan,Noise-Cancelling Headphones,Online,4,147.79,0.05,561.6
W50194,2026-03-19,Daniel Raza,Bluetooth Speaker,Online,2,79.8,0.0,159.6
W50220,2026-03-19,Olivia Rossi,Bluetooth Speaker,Online,1,78.76,0.1,70.88
W50238,2026-03-19,Hassan Rossi,Ergonomic Chair,Online,1,249.8,0.15,212.33
W50326,2026-03-19,Ethan Ahmed,Mechanical Keyboard,Online,1,90.57,0.05,86.04
N-1346,2026-03-20,Hassan Walker,Wireless Mouse,In-Store,1,23.85,0.1,21.47
S/7237,2026-03-20,Ethan Malik,Noise-Cancelling Headphones,In-Store,5,149.88,0.0,749.4
S/7257,2026-03-20,Hassan Khan,Ergonomic Chair,In-Store,1,246.6,0.05,234.27
W50065,2026-03-20,Emma Sheikh,Ergonomic Chair,Online,1,252.81,0.15,214.89
W50158,2026-03-20,Hassan Brown,Laptop Stand,Online,4,35.86,0.1,129.1
W50231,2026-03-20,Chloe Ahmed,Wireless Mouse,Online,5,24.88,0.05,118.18
N-1091,2026-03-21,Sofia Iqbal,27-inch Monitor,In-Store,1,216.24,0.0,216.24
N-1332,2026-03-21,Zara Butt,Wireless Mouse,In-Store,1,23.79,0.15,20.22
S/7100,2026-03-21,Maya Hussain,Webcam HD,In-Store,1,57.55,0.05,54.67
S/7236,2026-03-21,Unknown,Wireless Mouse,In-Store,1,24.39,0.0,24.39
S/7293,2026-03-21,Noah Raza,Docking Station,In-Store,4,126.96,0.0,507.84
S/7312,2026-03-21,Sofia Moore,Webcam HD,In-Store,2,57.26,0.1,103.07
W50034,2026-03-21,Chloe Ahmed,Mechanical Keyboard,Online,5,88.53,0.1,398.39
W50079,2026-03-21,Ali Sheikh,Bluetooth Speaker,Online,1,80.91,0.0,80.91
W50399,2026-03-21,Usman Ahmed,Wireless Mouse,Online,5,23.84,0.15,101.32
W50445,2026-03-21,Ethan Miller,Webcam HD,Online,3,60.72,0.0,182.16
N-1176,2026-03-22,Chloe Rossi,Wireless Mouse,In-Store,1,24.87,0.05,23.63
N-1384,2026-03-22,Ayesha Taylor,Mechanical Keyboard,In-Store,2,88.56,0.0,177.12
S/7036,2026-03-22,Zara Malik,Smart LED Lamp,In-Store,3,29.32,0.0,87.96
S/7053,2026-03-22,Hannah Raza,Smart LED Lamp,In-Store,1,30.23,0.0,30.23
W50335,2026-03-22,Daniel Sheikh,Wireless Mouse,Online,4,24.77,0.0,99.08
W50343,2026-03-22,Ethan Butt,Smart LED Lamp,Online,5,30.75,0.0,153.75
W50465,2026-03-22,Usman Iqbal,Laptop Stand,Online,5,35.85,0.0,179.25
N-1021,2026-03-23,Hannah Moore,External SSD 1TB,In-Store,1,98.74,0.15,83.93
N-1266,2026-03-23,Ethan Clarke,27-inch Monitor,In-Store,1,222.73,0.0,222.73
N-1303,2026-03-23,Noah Rossi,Laptop Stand,In-Store,4,34.32,0.0,137.28
S/7034,2026-03-23,Daniel Rossi,Webcam HD,In-Store,2,58.02,0.15,98.63
S/7238,2026-03-23,Omar Taylor,Webcam HD,In-Store,2,60.72,0.0,121.44
W50120,2026-03-23,Noah Raza,Mechanical Keyboard,Online,4,87.81,0.0,351.24
W50419,2026-03-23,Sofia Brown,Ergonomic Chair,Online,1,250.37,0.1,225.33
W50506,2026-03-23,Usman Moore,USB-C Cable,Online,1,12.7,0.0,12.7
N-1074,2026-03-24,Noah Miller,Docking Station,In-Store,2,126.82,0.0,253.64
N-1135,2026-03-24,Hassan Iqbal,27-inch Monitor,In-Store,1,220.73,0.0,220.73
N-1179,2026-03-24,Zara Taylor,Mechanical Keyboard,In-Store,1,87.69,0.05,83.31
S/7118,2026-03-24,Usman Wilson,Webcam HD,In-Store,1,57.74,0.15,49.08
S/7224,2026-03-24,Ethan Miller,USB-C Cable,In-Store,2,13.34,0.15,22.68
S/7272,2026-03-24,Usman Raza,Webcam HD,In-Store,1,57.45,0.0,57.45
W50212,2026-03-24,Omar Davis,Laptop Stand,Online,5,35.63,0.1,160.34
W50329,2026-03-24,Usman Brown,Docking Station,Online,4,127.99,0.0,511.96
W50431,2026-03-24,Ali Iqbal,Webcam HD,Online,1,57.76,0.0,57.76
N-1049,2026-03-25,Chloe Moore,Bluetooth Speaker,In-Store,2,79.91,0.05,151.83
N-1149,2026-03-25,Sofia Wilson,27-inch Monitor,In-Store,2,225.47,0.1,405.85
N-1340,2026-03-25,Chloe Clarke,USB-C Cable,In-Store,3,12.79,0.05,36.45
S/7098,2026-03-25,Emma Walker,Ergonomic Chair,In-Store,1,254.59,0.05,241.86
W50180,2026-03-25,Daniel Moore,Smart LED Lamp,Online,3,30.0,0.0,90.0
W50225,2026-03-25,Emma Taylor,Laptop Stand,Online,2,35.86,0.1,64.55
W50303,2026-03-25,Ayesha Ahmed,Wireless Mouse,Online,2,24.37,0.1,43.87
W50384,2026-03-25,Fatima Sheikh,Noise-Cancelling Headphones,Online,2,149.37,0.0,298.74
W50408,2026-03-25,Hannah Raza,27-inch Monitor,Online,2,217.16,0.0,434.32
S/7302,2026-03-26,Liam Rossi,Noise-Cancelling Headphones,In-Store,2,152.37,0.0,304.74
W50072,2026-03-26,Daniel Walker,27-inch Monitor,Online,1,218.04,0.0,218.04
W50330,2026-03-26,Emma Ahmed,Docking Station,Online,1,129.52,0.1,116.57
W50345,2026-03-26,Ayesha Iqbal,Docking Station,Online,1,125.2,0.05,118.94
N-1075,2026-03-27,Unknown,USB-C Cable,In-Store,5,12.82,0.15,54.49
S/7035,2026-03-27,Hannah Rossi,Noise-Cancelling Headphones,In-Store,2,152.71,0.15,259.61
W50289,2026-03-27,Chloe Moore,Ergonomic Chair,Online,1,255.29,0.15,217.0
W50308,2026-03-27,Liam Wilson,Ergonomic Chair,Online,2,247.56,0.05,470.36
N-1035,2026-03-28,Fatima Iqbal,27-inch Monitor,In-Store,1,218.73,0.15,185.92
N-1063,2026-03-28,Usman Raza,USB-C Cable,In-Store,2,13.08,0.0,26.16
S/7106,2026-03-28,Chloe Butt,Ergonomic Chair,In-Store,3,249.52,0.0,748.56
S/7115,2026-03-28,Ali Rossi,External SSD 1TB,In-Store,1,99.93,0.0,99.93
W50039,2026-03-28,Sofia Raza,Wireless Mouse,Online,2,23.87,0.05,45.35
W50059,2026-03-28,Hannah Sheikh,Bluetooth Speaker,Online,3,79.05,0.1,213.44
W50091,2026-03-28,Liam Raza,Wireless Mouse,Online,1,25.17,0.0,25.17
W50321,2026-03-28,Zara Brown,Noise-Cancelling Headphones,Online,1,152.27,0.15,129.43
W50402,2026-03-28,Emma Walker,Smart LED Lamp,Online,5,29.57,0.1,133.07
W50499,2026-03-28,Zara Moore,Ergonomic Chair,Online,2,243.09,0.0,486.18
N-1012,2026-03-29,Hassan Iqbal,Webcam HD,In-Store,5,57.47,0.0,287.35
N-1239,2026-03-29,Ali Taylor,Docking Station,In-Store,2,132.79,0.0,265.58
N-1372,2026-03-29,Chloe Raza,Ergonomic Chair,In-Store,1,249.36,0.1,224.42
N-1411,2026-03-29,Chloe Taylor,Bluetooth Speaker,In-Store,1,79.84,0.0,79.84
W50256,2026-03-29,Ayesha Davis,Laptop Stand,Online,2,33.97,0.0,67.94
N-1214,2026-03-30,Bilal Miller,Wireless Mouse,In-Store,2,24.82,0.0,49.64
N-1298,2026-03-30,Zara Moore,USB-C Cable,In-Store,1,12.67,0.0,12.67
N-1409,2026-03-30,Sofia Raza,27-inch Monitor,In-Store,4,225.55,0.1,811.98
S/7046,2026-03-30,Omar Ahmed,Ergonomic Chair,In-Store,2,248.61,0.1,447.5
S/7208,2026-03-30,Liam Davis,Bluetooth Speaker,In-Store,1,76.75,0.15,65.24
S/7222,2026-03-30,Noah Wilson,USB-C Cable,In-Store,1,13.08,0.15,11.12
S/7354,2026-03-30,Ali Raza,Wireless Mouse,In-Store,2,23.89,0.0,47.78
W50202,2026-03-30,Hannah Taylor,Noise-Cancelling Headphones,Online,1,152.08,0.0,152.08
W50235,2026-03-30,Ethan Rossi,USB-C Cable,Online,2,12.78,0.0,25.56
W50517,2026-03-30,Hassan Walker,USB-C Cable,Online,2,13.32,0.0,26.64
N-1034,2026-03-31,Hassan Rossi,Bluetooth Speaker,In-Store,2,77.11,0.05,146.51
N-1154,2026-03-31,Fatima Miller,External SSD 1TB,In-Store,3,98.05,0.0,294.15
N-1368,2026-03-31,Emma Khan,Smart LED Lamp,In-Store,1,30.04,0.0,30.04
N-1389,2026-03-31,Usman Brown,Noise-Cancelling Headphones,In-Store,4,146.24,0.0,584.96
S/7030,2026-03-31,Bilal Walker,Webcam HD,In-Store,2,60.57,0.15,102.97
W50252,2026-03-31,Fatima Clarke,Laptop Stand,Online,1,34.81,0.0,34.81
N-1189,2026-04-01,Ethan Ahmed,External SSD 1TB,In-Store,3,99.2,0.05,282.72
N-1361,2026-04-01,Ethan Sheikh,Ergonomic Chair,In-Store,4,249.39,0.1,897.8
S/7005,2026-04-01,Sofia Taylor,Laptop Stand,In-Store,1,34.29,0.0,34.29
S/7307,2026-04-01,Olivia Moore,Mechanical Keyboard,In-Store,4,87.2,0.05,331.36
S/7355,2026-04-01,Emma Patel,Bluetooth Speaker,In-Store,2,80.89,0.0,161.78
W50452,2026-04-01,Omar Miller,Docking Station,Online,1,129.3,0.0,129.3
W50507,2026-04-01,Fatima Butt,Mechanical Keyboard,Online,5,90.73,0.15,385.6
N-1169,2026-04-02,Omar Clarke,Noise-Cancelling Headphones,In-Store,2,153.21,0.0,306.42
N-1329,2026-04-02,Noah Patel,Wireless Mouse,In-Store,4,24.61,0.0,98.44
N-1401,2026-04-02,Olivia Taylor,Laptop Stand,In-Store,1,35.91,0.0,35.91
S/7024,2026-04-02,Usman Butt,27-inch Monitor,In-Store,1,224.01,0.0,224.01
W50036,2026-04-02,Noah Rossi,27-inch Monitor,Online,5,220.17,0.05,1045.81
W50112,2026-04-02,Olivia Malik,Ergonomic Chair,Online,1,246.72,0.15,209.71
W50480,2026-04-02,Ayesha Ahmed,External SSD 1TB,Online,1,101.59,0.1,91.43
N-1296,2026-04-03,Hassan Wilson,Laptop Stand,In-Store,1,34.46,0.05,32.74
S/7183,2026-04-03,Hannah Clarke,Bluetooth Speaker,In-Store,4,77.75,0.05,295.45
S/7262,2026-04-03,Hannah Iqbal,Laptop Stand,In-Store,2,34.01,0.1,61.22
W50146,2026-04-03,Hannah Moore,Laptop Stand,Online,1,34.83,0.0,34.83
W50161,2026-04-03,Zara Malik,Mechanical Keyboard,Online,4,88.8,0.15,301.92
N-1025,2026-04-04,Ayesha Rossi,Wireless Mouse,In-Store,2,24.67,0.0,49.34
N-1279,2026-04-04,Hannah Rossi,USB-C Cable,In-Store,2,13.09,0.15,22.25
N-1350,2026-04-04,Emma Butt,Docking Station,In-Store,2,129.87,0.05,246.75
N-1402,2026-04-04,Hassan Raza,USB-C Cable,In-Store,1,13.11,0.15,11.14
S/7219,2026-04-04,Ayesha Iqbal,Docking Station,In-Store,1,131.29,0.0,131.29
N-1395,2026-04-05,Usman Brown,External SSD 1TB,In-Store,4,99.64,0.0,398.56
S/7126,2026-04-05,Usman Brown,USB-C Cable,In-Store,5,13.37,0.1,60.17
S/7137,2026-04-05,Ayesha Moore,External SSD 1TB,In-Store,2,101.18,0.15,172.01
S/7290,2026-04-05,Fatima Rossi,Laptop Stand,In-Store,3,35.28,0.05,100.55
W50323,2026-04-05,Chloe Moore,27-inch Monitor,Online,5,214.21,0.15,910.39
N-1156,2026-04-06,Liam Davis,Smart LED Lamp,In-Store,1,29.46,0.05,27.99
N-1184,2026-04-06,Zara Wilson,Noise-Cancelling Headphones,In-Store,3,149.69,0.0,449.07
N-1369,2026-04-06,Chloe Wilson,Noise-Cancelling Headphones,In-Store,1,152.4,0.05,144.78
S/7280,2026-04-06,Ethan Wilson,Ergonomic Chair,In-Store,1,255.13,0.1,229.62
W50073,2026-04-06,Chloe Ahmed,Mechanical Keyboard,Online,1,91.15,0.05,86.59
W50075,2026-04-06,Omar Patel,USB-C Cable,Online,3,12.7,0.0,38.1
W50094,2026-04-06,Daniel Khan,Mechanical Keyboard,Online,4,87.5,0.0,350.0
W50176,2026-04-06,Daniel Ahmed,USB-C Cable,Online,1,13.09,0.1,11.78
W50245,2026-04-06,Ethan Iqbal,Smart LED Lamp,Online,2,30.12,0.0,60.24
W50253,2026-04-06,Hannah Ahmed,Wireless Mouse,Online,2,24.14,0.1,43.45
W50468,2026-04-06,Noah Davis,Smart LED Lamp,Online,1,30.15,0.1,27.14
N-1269,2026-04-07,Hannah Rossi,External SSD 1TB,In-Store,2,96.26,0.15,163.64
S/7209,2026-04-07,Unknown,Webcam HD,In-Store,5,59.64,0.0,298.2
S/7227,2026-04-07,Liam Rossi,Ergonomic Chair,In-Store,1,242.02,0.0,242.02
W50063,2026-04-07,Usman Davis,Docking Station,Online,2,128.24,0.15,218.01
W50470,2026-04-07,Hassan Brown,Mechanical Keyboard,Online,1,89.97,0.1,80.97
W50483,2026-04-07,Hassan Iqbal,Docking Station,Online,1,127.62,0.0,127.62
S/7203,2026-04-08,Usman Khan,Noise-Cancelling Headphones,In-Store,2,150.74,0.05,286.41
W50143,2026-04-08,Fatima Patel,27-inch Monitor,Online,5,220.92,0.05,1049.37
W50205,2026-04-08,Hannah Davis,Mechanical Keyboard,Online,1,89.43,0.0,89.43
W50223,2026-04-08,Maya Wilson,Bluetooth Speaker,Online,1,79.27,0.15,67.38
W50407,2026-04-08,Fatima Iqbal,Webcam HD,Online,1,60.11,0.15,51.09
S/7348,2026-04-09,Fatima Malik,Laptop Stand,In-Store,1,34.29,0.0,34.29
N-1236,2026-04-10,Bilal Ahmed,USB-C Cable,In-Store,1,12.8,0.0,12.8
N-1308,2026-04-10,Omar Sheikh,Laptop Stand,In-Store,5,34.74,0.05,165.02
S/7027,2026-04-10,Ethan Moore,External SSD 1TB,In-Store,1,99.67,0.0,99.67
S/7343,2026-04-10,Omar Davis,Smart LED Lamp,In-Store,1,29.98,0.0,29.98
W50353,2026-04-10,Ethan Walker,Docking Station,Online,5,128.65,0.0,643.25
W50398,2026-04-10,Noah Raza,Ergonomic Chair,Online,4,242.68,0.0,970.72
W50446,2026-04-10,Zara Taylor,27-inch Monitor,Online,1,215.8,0.15,183.43
N-1022,2026-04-11,Olivia Wilson,Docking Station,In-Store,4,125.93,0.15,428.16
N-1106,2026-04-11,Omar Walker,Smart LED Lamp,In-Store,1,29.23,0.1,26.31
N-1205,2026-04-11,Sofia Walker,27-inch Monitor,In-Store,1,212.86,0.0,212.86
S/7097,2026-04-11,Chloe Ahmed,Ergonomic Chair,In-Store,1,248.55,0.0,248.55
S/7193,2026-04-11,Ayesha Hussain,27-inch Monitor,In-Store,5,220.51,0.1,992.3
S/7205,2026-04-11,Daniel Clarke,Ergonomic Chair,In-Store,1,245.34,0.1,220.81
S/7288,2026-04-11,Emma Davis,USB-C Cable,In-Store,4,13.0,0.1,46.8
W50395,2026-04-11,Daniel Sheikh,Webcam HD,Online,4,59.59,0.1,214.52
N-1292,2026-04-12,Emma Malik,Smart LED Lamp,In-Store,2,30.15,0.0,60.3
S/7037,2026-04-12,Emma Brown,Noise-Cancelling Headphones,In-Store,3,150.51,0.0,451.53
S/7147,2026-04-12,Olivia Hussain,USB-C Cable,In-Store,1,12.63,0.0,12.63
S/7234,2026-04-12,Ayesha Rossi,Wireless Mouse,In-Store,5,24.1,0.15,102.43
S/7267,2026-04-12,Liam Clarke,External SSD 1TB,In-Store,2,99.56,0.0,199.12
W50074,2026-04-12,Zara Khan,Docking Station,Online,4,128.15,0.05,486.97
W50172,2026-04-12,Unknown,27-inch Monitor,Online,2,217.42,0.0,434.84
W50188,2026-04-12,Daniel Moore,Noise-Cancelling Headphones,Online,1,147.42,0.1,132.68
W50346,2026-04-12,Hassan Khan,Ergonomic Chair,Online,5,242.21,0.0,1211.05
N-1032,2026-04-13,Noah Malik,27-inch Monitor,In-Store,5,217.1,0.0,1085.5
N-1077,2026-04-13,Daniel Wilson,Mechanical Keyboard,In-Store,1,87.93,0.15,74.74
N-1113,2026-04-13,Emma Raza,Noise-Cancelling Headphones,In-Store,2,152.12,0.0,304.24
N-1370,2026-04-13,Emma Patel,Bluetooth Speaker,In-Store,1,77.44,0.0,77.44
S/7084,2026-04-13,Ayesha Sheikh,Docking Station,In-Store,1,130.0,0.15,110.5
S/7099,2026-04-13,Bilal Raza,Smart LED Lamp,In-Store,5,30.23,0.1,136.04
S/7336,2026-04-13,Ethan Brown,USB-C Cable,In-Store,3,12.82,0.05,36.54
W50080,2026-04-13,Noah Raza,Webcam HD,Online,2,58.41,0.0,116.82
W50092,2026-04-13,Ayesha Walker,27-inch Monitor,Online,2,221.17,0.05,420.22
W50095,2026-04-13,Daniel Iqbal,Smart LED Lamp,Online,5,30.53,0.1,137.39
N-1136,2026-04-14,Daniel Wilson,Smart LED Lamp,In-Store,1,29.93,0.0,29.93
N-1161,2026-04-14,Fatima Khan,Ergonomic Chair,In-Store,4,255.0,0.05,969.0
N-1253,2026-04-14,Usman Walker,27-inch Monitor,In-Store,1,221.21,0.1,199.09
N-1393,2026-04-14,Olivia Malik,Ergonomic Chair,In-Store,2,255.74,0.1,460.33
S/7303,2026-04-14,Omar Sheikh,Noise-Cancelling Headphones,In-Store,2,146.84,0.0,293.68
S/7339,2026-04-14,Zara Clarke,Wireless Mouse,In-Store,5,24.74,0.15,105.15
W50093,2026-04-14,Zara Brown,Webcam HD,Online,1,60.03,0.05,57.03
W50113,2026-04-14,Liam Moore,Smart LED Lamp,Online,1,29.86,0.0,29.86
W50240,2026-04-14,Zara Sheikh,Ergonomic Chair,Online,5,256.24,0.0,1281.2
N-1143,2026-04-15,Sofia Miller,27-inch Monitor,In-Store,5,219.69,0.0,1098.45
N-1321,2026-04-15,Fatima Hussain,USB-C Cable,In-Store,1,12.71,0.0,12.71
N-1103,2026-04-16,Emma Clarke,Ergonomic Chair,In-Store,2,248.78,0.1,447.8
N-1314,2026-04-16,Noah Clarke,Noise-Cancelling Headphones,In-Store,1,146.95,0.0,146.95
S/7087,2026-04-16,Maya Brown,Wireless Mouse,In-Store,2,24.1,0.05,45.79
S/7180,2026-04-16,Maya Wilson,USB-C Cable,In-Store,4,12.87,0.1,46.33
N-1018,2026-04-17,Hassan Wilson,Ergonomic Chair,In-Store,2,243.78,0.0,487.56
N-1129,2026-04-17,Daniel Miller,Mechanical Keyboard,In-Store,1,88.43,0.15,75.17
N-1160,2026-04-17,Unknown,Webcam HD,In-Store,3,59.51,0.05,169.6
S/7074,2026-04-17,Hassan Rossi,Ergonomic Chair,In-Store,5,253.42,0.1,1140.39
S/7178,2026-04-17,Unknown,27-inch Monitor,In-Store,1,215.28,0.1,193.75
W50362,2026-04-17,Ayesha Davis,Webcam HD,Online,2,57.29,0.0,114.58
N-1123,2026-04-18,Sofia Hussain,Smart LED Lamp,In-Store,2,30.29,0.0,60.58
N-1145,2026-04-18,Bilal Taylor,Wireless Mouse,In-Store,1,24.11,0.05,22.9
S/7107,2026-04-18,Emma Hussain,Docking Station,In-Store,2,128.35,0.0,256.7
S/7301,2026-04-18,Ali Malik,Noise-Cancelling Headphones,In-Store,2,145.3,0.0,290.6
W50285,2026-04-18,Liam Miller,USB-C Cable,Online,1,13.32,0.05,12.65
W50421,2026-04-18,Chloe Patel,External SSD 1TB,Online,3,101.65,0.05,289.7
N-1061,2026-04-19,Sofia Hussain,Mechanical Keyboard,In-Store,1,89.72,0.0,89.72
W50422,2026-04-19,Usman Butt,External SSD 1TB,Online,1,100.6,0.1,90.54
N-1144,2026-04-20,Omar Rossi,Mechanical Keyboard,In-Store,2,89.67,0.0,179.34
N-1247,2026-04-20,Liam Iqbal,Laptop Stand,In-Store,1,35.63,0.0,35.63
N-1259,2026-04-20,Ali Rossi,Webcam HD,In-Store,1,59.49,0.15,50.57
N-1287,2026-04-20,Noah Wilson,External SSD 1TB,In-Store,4,100.1,0.1,360.36
S/7013,2026-04-20,Hannah Hussain,27-inch Monitor,In-Store,4,223.71,0.0,894.84
S/7256,2026-04-20,Zara Wilson,Docking Station,In-Store,3,131.9,0.0,395.7
S/7259,2026-04-20,Zara Davis,Docking Station,In-Store,2,125.8,0.15,213.86
S/7265,2026-04-20,Ayesha Moore,External SSD 1TB,In-Store,3,100.63,0.0,301.89
S/7278,2026-04-20,Ali Malik,Smart LED Lamp,In-Store,3,30.8,0.0,92.4
W50001,2026-04-20,Sofia Raza,Mechanical Keyboard,Online,2,89.46,0.05,169.97
W50221,2026-04-20,Zara Iqbal,Bluetooth Speaker,Online,2,78.5,0.0,157.0
W50258,2026-04-20,Zara Rossi,Mechanical Keyboard,Online,5,88.99,0.0,444.95
N-1055,2026-04-21,Chloe Wilson,Mechanical Keyboard,In-Store,3,88.58,0.0,265.74
N-1342,2026-04-21,Fatima Moore,Webcam HD,In-Store,1,58.03,0.05,55.13
S/7122,2026-04-21,Liam Wilson,USB-C Cable,In-Store,5,12.99,0.0,64.95
W50383,2026-04-21,Fatima Khan,Docking Station,Online,1,126.7,0.0,126.7
S/7143,2026-04-22,Zara Malik,Webcam HD,In-Store,1,59.13,0.05,56.17
S/7261,2026-04-22,Ayesha Taylor,External SSD 1TB,In-Store,4,99.59,0.0,398.36
S/7266,2026-04-22,Emma Butt,Webcam HD,In-Store,1,59.64,0.05,56.66
W50003,2026-04-22,Emma Hussain,External SSD 1TB,Online,1,100.37,0.15,85.31
W50119,2026-04-22,Fatima Ahmed,Ergonomic Chair,Online,1,247.68,0.1,222.91
W50217,2026-04-22,Unknown,External SSD 1TB,Online,3,100.18,0.0,300.54
W50219,2026-04-22,Maya Taylor,27-inch Monitor,Online,2,214.9,0.15,365.33
W50344,2026-04-22,Hannah Taylor,Webcam HD,Online,1,59.22,0.15,50.34
W50463,2026-04-22,Emma Wilson,Smart LED Lamp,Online,4,29.42,0.1,105.91
W50515,2026-04-22,Ali Patel,Bluetooth Speaker,Online,4,80.43,0.0,321.72
S/7015,2026-04-23,Ayesha Raza,Wireless Mouse,In-Store,2,24.81,0.1,44.66
W50084,2026-04-23,Sofia Davis,Laptop Stand,Online,5,35.77,0.15,152.02
W50132,2026-04-23,Ali Moore,Docking Station,Online,5,127.25,0.05,604.44
W50302,2026-04-23,Liam Moore,Wireless Mouse,Online,3,25.19,0.15,64.23
W50387,2026-04-23,Hassan Khan,Ergonomic Chair,Online,5,243.64,0.0,1218.2
W50424,2026-04-23,Noah Raza,Noise-Cancelling Headphones,Online,5,146.51,0.15,622.67
N-1392,2026-04-24,Emma Brown,Docking Station,In-Store,1,127.98,0.0,127.98
S/7175,2026-04-24,Liam Walker,Noise-Cancelling Headphones,In-Store,2,150.04,0.0,300.08
W50009,2026-04-24,Bilal Khan,USB-C Cable,Online,1,12.66,0.0,12.66
W50213,2026-04-24,Omar Rossi,Mechanical Keyboard,Online,3,88.48,0.0,265.44
N-1151,2026-04-25,Hassan Miller,27-inch Monitor,In-Store,2,215.49,0.0,430.98
S/7325,2026-04-25,Unknown,USB-C Cable,In-Store,2,12.66,0.15,21.52
W50062,2026-04-25,Hassan Moore,Ergonomic Chair,Online,5,245.25,0.1,1103.63
W50234,2026-04-25,Daniel Iqbal,Ergonomic Chair,Online,2,251.41,0.0,502.82
W50328,2026-04-25,Olivia Walker,Mechanical Keyboard,Online,1,87.95,0.0,87.95
N-1092,2026-04-26,Zara Wilson,Docking Station,In-Store,2,132.22,0.0,264.44
N-1096,2026-04-26,Olivia Davis,Smart LED Lamp,In-Store,1,29.84,0.05,28.35
N-1288,2026-04-26,Ethan Khan,27-inch Monitor,In-Store,3,215.89,0.05,615.29
N-1313,2026-04-26,Usman Clarke,Mechanical Keyboard,In-Store,5,90.98,0.0,454.9
S/7204,2026-04-26,Ayesha Khan,External SSD 1TB,In-Store,2,99.86,0.05,189.73
S/7245,2026-04-26,Chloe Hussain,27-inch Monitor,In-Store,2,219.31,0.05,416.69
W50216,2026-04-26,Omar Khan,Smart LED Lamp,Online,4,29.7,0.0,118.8
N-1233,2026-04-27,Ali Patel,Wireless Mouse,In-Store,2,24.69,0.0,49.38
N-1343,2026-04-27,Daniel Miller,Noise-Cancelling Headphones,In-Store,1,152.27,0.1,137.04
S/7194,2026-04-27,Hassan Malik,USB-C Cable,In-Store,4,12.76,0.05,48.49
S/7217,2026-04-27,Hannah Walker,Wireless Mouse,In-Store,3,25.14,0.0,75.42
W50317,2026-04-27,Daniel Davis,Webcam HD,Online,2,60.74,0.0,121.48
N-1044,2026-04-28,Chloe Raza,Webcam HD,In-Store,1,59.11,0.1,53.2
N-1222,2026-04-28,Hannah Butt,27-inch Monitor,In-Store,1,217.01,0.0,217.01
N-1280,2026-04-28,Zara Miller,Bluetooth Speaker,In-Store,1,76.68,0.0,76.68
N-1293,2026-04-28,Usman Rossi,Noise-Cancelling Headphones,In-Store,3,151.43,0.0,454.29
S/7233,2026-04-28,Emma Butt,USB-C Cable,In-Store,3,12.88,0.1,34.78
W50334,2026-04-28,Daniel Patel,Bluetooth Speaker,Online,2,78.15,0.1,140.67
W50365,2026-04-28,Emma Brown,Ergonomic Chair,Online,1,255.37,0.1,229.83
N-1038,2026-04-29,Olivia Rossi,Noise-Cancelling Headphones,In-Store,1,146.05,0.0,146.05
N-1090,2026-04-29,Emma Taylor,Laptop Stand,In-Store,1,36.03,0.1,32.43
S/7091,2026-04-29,Ayesha Brown,Noise-Cancelling Headphones,In-Store,2,146.66,0.0,293.32
S/7127,2026-04-29,Zara Miller,Laptop Stand,In-Store,4,35.45,0.05,134.71
S/7138,2026-04-29,Omar Miller,Docking Station,In-Store,4,129.36,0.05,491.57
S/7320,2026-04-29,Sofia Miller,Noise-Cancelling Headphones,In-Store,2,149.3,0.15,253.81
W50010,2026-04-29,Bilal Rossi,27-inch Monitor,Online,2,216.94,0.1,390.49
W50142,2026-04-29,Ethan Iqbal,Docking Station,Online,5,128.1,0.05,608.48
N-1008,2026-04-30,Emma Sheikh,Webcam HD,In-Store,2,58.11,0.0,116.22
N-1115,2026-04-30,Emma Brown,Docking Station,In-Store,1,126.86,0.0,126.86
N-1131,2026-04-30,Daniel Davis,Docking Station,In-Store,4,131.62,0.0,526.48
N-1198,2026-04-30,Sofia Taylor,Ergonomic Chair,In-Store,1,244.91,0.0,244.91
S/7043,2026-04-30,Sofia Taylor,Mechanical Keyboard,In-Store,4,89.44,0.0,357.76
S/7181,2026-04-30,Bilal Raza,27-inch Monitor,In-Store,2,223.61,0.0,447.22
W50082,2026-04-30,Ayesha Miller,Bluetooth Speaker,Online,4,78.82,0.1,283.75
W50241,2026-04-30,Liam Walker,Mechanical Keyboard,Online,5,91.38,0.0,456.9
W50296,2026-04-30,Unknown,Laptop Stand,Online,2,35.7,0.0,71.4
N-1246,2026-05-01,Hassan Brown,Mechanical Keyboard,In-Store,2,90.09,0.15,153.15
N-1276,2026-05-01,Fatima Clarke,Smart LED Lamp,In-Store,1,29.86,0.0,29.86
N-1283,2026-05-01,Liam Clarke,Bluetooth Speaker,In-Store,1,78.35,0.15,66.6
S/7010,2026-05-01,Maya Butt,External SSD 1TB,In-Store,2,100.18,0.0,200.36
S/7229,2026-05-01,Liam Davis,Bluetooth Speaker,In-Store,4,77.92,0.0,311.68
S/7304,2026-05-01,Bilal Raza,USB-C Cable,In-Store,2,12.84,0.0,25.68
S/7349,2026-05-01,Ayesha Brown,Noise-Cancelling Headphones,In-Store,1,144.68,0.0,144.68
W50017,2026-05-01,Bilal Iqbal,Mechanical Keyboard,Online,2,89.34,0.0,178.68
W50374,2026-05-01,Liam Patel,Noise-Cancelling Headphones,Online,4,151.65,0.0,606.6
W50377,2026-05-01,Olivia Clarke,Bluetooth Speaker,Online,4,78.98,0.05,300.12
N-1013,2026-05-02,Sofia Miller,Laptop Stand,In-Store,2,35.3,0.15,60.01
N-1121,2026-05-02,Chloe Brown,27-inch Monitor,In-Store,2,212.81,0.05,404.34
N-1174,2026-05-02,Olivia Ahmed,Mechanical Keyboard,In-Store,1,87.02,0.05,82.67
N-1213,2026-05-02,Ethan Khan,Docking Station,In-Store,4,125.37,0.1,451.33
N-1256,2026-05-02,Bilal Butt,Mechanical Keyboard,In-Store,1,88.92,0.0,88.92
S/7038,2026-05-02,Daniel Wilson,27-inch Monitor,In-Store,3,224.13,0.0,672.39
S/7168,2026-05-02,Hannah Clarke,Bluetooth Speaker,In-Store,1,79.87,0.0,79.87
W50012,2026-05-02,Noah Hussain,27-inch Monitor,Online,2,224.42,0.0,448.84
W50037,2026-05-02,Daniel Brown,Webcam HD,Online,1,58.83,0.1,52.95
W50168,2026-05-02,Maya Davis,Bluetooth Speaker,Online,3,81.29,0.0,243.87
W50456,2026-05-02,Noah Iqbal,Smart LED Lamp,Online,1,29.48,0.15,25.06
N-1027,2026-05-03,Bilal Davis,Bluetooth Speaker,In-Store,1,77.31,0.15,65.71
S/7095,2026-05-03,Daniel Walker,27-inch Monitor,In-Store,2,216.53,0.0,433.06
S/7243,2026-05-03,Ayesha Rossi,External SSD 1TB,In-Store,2,99.21,0.15,168.66
W50441,2026-05-03,Zara Taylor,27-inch Monitor,Online,1,213.85,0.0,213.85
N-1157,2026-05-04,Sofia Raza,Docking Station,In-Store,1,131.29,0.15,111.6
N-1261,2026-05-04,Bilal Clarke,Docking Station,In-Store,1,126.78,0.05,120.44
S/7109,2026-05-04,Omar Patel,Bluetooth Speaker,In-Store,4,80.92,0.1,291.31
S/7152,2026-05-04,Usman Miller,Noise-Cancelling Headphones,In-Store,1,151.22,0.0,151.22
S/7318,2026-05-04,Ali Clarke,Bluetooth Speaker,In-Store,4,76.69,0.0,306.76
S/7326,2026-05-04,Omar Moore,External SSD 1TB,In-Store,1,100.11,0.0,100.11
W50098,2026-05-04,Omar Clarke,Mechanical Keyboard,Online,2,87.98,0.15,149.57
W50108,2026-05-04,Hannah Wilson,Docking Station,Online,5,128.05,0.05,608.24
W50186,2026-05-04,Unknown,USB-C Cable,Online,1,12.92,0.0,12.92
N-1095,2026-05-05,Olivia Khan,Bluetooth Speaker,In-Store,1,76.65,0.05,72.82
N-1282,2026-05-05,Daniel Patel,Mechanical Keyboard,In-Store,3,91.4,0.15,233.07
N-1291,2026-05-05,Olivia Malik,Docking Station,In-Store,2,127.53,0.0,255.06
N-1299,2026-05-05,Fatima Hussain,External SSD 1TB,In-Store,2,98.56,0.05,187.26
N-1302,2026-05-05,Sofia Wilson,Bluetooth Speaker,In-Store,1,79.98,0.0,79.98
N-1386,2026-05-05,Ayesha Brown,Ergonomic Chair,In-Store,1,244.12,0.0,244.12
S/7113,2026-05-05,Daniel Patel,Webcam HD,In-Store,1,57.65,0.0,57.65
S/7184,2026-05-05,Zara Taylor,Bluetooth Speaker,In-Store,4,77.59,0.0,310.36
W50177,2026-05-05,Usman Clarke,Ergonomic Chair,Online,4,243.84,0.1,877.82
N-1011,2026-05-06,Ali Miller,Mechanical Keyboard,In-Store,1,90.41,0.1,81.37
N-1173,2026-05-06,Emma Brown,External SSD 1TB,In-Store,5,100.57,0.05,477.71
N-1219,2026-05-06,Usman Ahmed,Wireless Mouse,In-Store,3,24.29,0.05,69.23
N-1257,2026-05-06,Noah Iqbal,Ergonomic Chair,In-Store,1,249.59,0.15,212.15
S/7136,2026-05-06,Olivia Malik,Laptop Stand,In-Store,3,34.25,0.0,102.75
S/7139,2026-05-06,Zara Wilson,Laptop Stand,In-Store,1,35.94,0.0,35.94
S/7146,2026-05-06,Zara Miller,External SSD 1TB,In-Store,3,100.05,0.05,285.14
S/7174,2026-05-06,Daniel Malik,27-inch Monitor,In-Store,2,218.96,0.15,372.23
W50190,2026-05-06,Bilal Sheikh,Noise-Cancelling Headphones,Online,1,149.77,0.1,134.79
W50355,2026-05-06,Liam Brown,USB-C Cable,Online,2,12.89,0.1,23.2
W50425,2026-05-06,Ali Raza,Wireless Mouse,Online,2,24.83,0.05,47.18
N-1060,2026-05-07,Maya Rossi,External SSD 1TB,In-Store,2,96.37,0.15,163.83
N-1086,2026-05-07,Olivia Rossi,Bluetooth Speaker,In-Store,5,80.95,0.0,404.75
N-1124,2026-05-07,Daniel Patel,27-inch Monitor,In-Store,4,217.19,0.05,825.32
N-1323,2026-05-07,Zara Walker,Ergonomic Chair,In-Store,2,243.58,0.15,414.09
N-1335,2026-05-07,Chloe Hussain,Bluetooth Speaker,In-Store,1,77.21,0.05,73.35
S/7167,2026-05-07,Olivia Walker,External SSD 1TB,In-Store,1,100.18,0.05,95.17
S/7190,2026-05-07,Fatima Butt,Laptop Stand,In-Store,2,35.21,0.1,63.38
W50050,2026-05-07,Unknown,Smart LED Lamp,Online,1,30.77,0.05,29.23
W50380,2026-05-07,Ali Butt,Docking Station,Online,1,126.7,0.0,126.7
S/7108,2026-05-08,Sofia Butt,27-inch Monitor,In-Store,4,216.36,0.0,865.44
S/7287,2026-05-08,Olivia Butt,Bluetooth Speaker,In-Store,2,79.44,0.0,158.88
W50018,2026-05-08,Maya Walker,Docking Station,Online,3,131.99,0.0,395.97
W50248,2026-05-08,Fatima Raza,Webcam HD,Online,2,58.96,0.0,117.92
W50263,2026-05-08,Hassan Miller,Webcam HD,Online,2,59.58,0.0,119.16
W50314,2026-05-08,Maya Brown,Docking Station,Online,2,131.51,0.0,263.02
W50467,2026-05-08,Noah Sheikh,Noise-Cancelling Headphones,Online,3,146.8,0.0,440.4
N-1084,2026-05-09,Usman Rossi,Ergonomic Chair,In-Store,1,252.67,0.05,240.04
S/7188,2026-05-09,Daniel Hussain,27-inch Monitor,In-Store,1,218.86,0.15,186.03
S/7232,2026-05-09,Liam Malik,Docking Station,In-Store,5,125.49,0.0,627.45
W50429,2026-05-09,Zara Moore,Bluetooth Speaker,Online,3,78.47,0.0,235.41
W50505,2026-05-09,Bilal Khan,Webcam HD,Online,2,59.27,0.0,118.54
N-1072,2026-05-10,Ethan Brown,Noise-Cancelling Headphones,In-Store,2,144.93,0.0,289.86
N-1164,2026-05-10,Liam Clarke,Webcam HD,In-Store,3,58.23,0.1,157.22
N-1225,2026-05-10,Fatima Hussain,27-inch Monitor,In-Store,2,222.35,0.1,400.23
N-1265,2026-05-10,Hassan Malik,Laptop Stand,In-Store,5,35.6,0.0,178.0
N-1373,2026-05-10,Fatima Raza,27-inch Monitor,In-Store,1,213.22,0.1,191.9
S/7026,2026-05-10,Ethan Hussain,Wireless Mouse,In-Store,5,24.45,0.0,122.25
S/7116,2026-05-10,Fatima Clarke,Smart LED Lamp,In-Store,2,29.53,0.0,59.06
S/7140,2026-05-10,Zara Raza,Webcam HD,In-Store,1,59.47,0.0,59.47
W50086,2026-05-10,Emma Davis,Noise-Cancelling Headphones,Online,3,149.14,0.15,380.31
W50114,2026-05-10,Fatima Malik,Bluetooth Speaker,Online,2,78.3,0.0,156.6
W50206,2026-05-10,Hannah Iqbal,Bluetooth Speaker,Online,1,77.66,0.0,77.66
N-1101,2026-05-11,Maya Malik,Noise-Cancelling Headphones,In-Store,3,151.55,0.05,431.92
S/7031,2026-05-11,Omar Brown,Noise-Cancelling Headphones,In-Store,1,147.78,0.0,147.78
S/7196,2026-05-11,Hannah Malik,Mechanical Keyboard,In-Store,1,89.43,0.05,84.96
W50111,2026-05-11,Hassan Moore,Bluetooth Speaker,Online,5,76.76,0.15,326.23
W50322,2026-05-11,Ethan Walker,Docking Station,Online,1,129.41,0.0,129.41
W50491,2026-05-11,Emma Iqbal,External SSD 1TB,Online,1,98.31,0.1,88.48
N-1240,2026-05-12,Omar Sheikh,Noise-Cancelling Headphones,In-Store,1,146.79,0.05,139.45
S/7135,2026-05-12,Ayesha Raza,External SSD 1TB,In-Store,2,98.24,0.0,196.48
S/7170,2026-05-12,Noah Walker,27-inch Monitor,In-Store,4,219.03,0.0,876.12
S/7328,2026-05-12,Omar Malik,External SSD 1TB,In-Store,4,101.12,0.0,404.48
W50024,2026-05-12,Chloe Ahmed,27-inch Monitor,Online,2,221.22,0.15,376.07
W50030,2026-05-12,Hannah Raza,Laptop Stand,Online,3,35.77,0.0,107.31
W50041,2026-05-12,Ali Walker,Ergonomic Chair,Online,1,248.97,0.15,211.62
W50516,2026-05-12,Fatima Clarke,USB-C Cable,Online,3,12.75,0.0,38.25
N-1186,2026-05-13,Zara Davis,Laptop Stand,In-Store,3,35.48,0.15,90.47
S/7248,2026-05-13,Maya Raza,Docking Station,In-Store,1,131.48,0.0,131.48
W50078,2026-05-13,Sofia Moore,Webcam HD,Online,5,57.66,0.0,288.3
W50144,2026-05-13,Usman Hussain,Noise-Cancelling Headphones,Online,1,149.77,0.15,127.3
W50259,2026-05-13,Daniel Patel,Docking Station,Online,4,132.24,0.0,528.96
W50264,2026-05-13,Bilal Malik,Noise-Cancelling Headphones,Online,1,150.89,0.0,150.89
W50366,2026-05-13,Maya Iqbal,Laptop Stand,Online,2,34.8,0.1,62.64
W50392,2026-05-13,Noah Wilson,Smart LED Lamp,Online,2,29.31,0.0,58.62
N-1325,2026-05-14,Ali Miller,Ergonomic Chair,In-Store,3,246.54,0.15,628.68
N-1345,2026-05-14,Ayesha Raza,Wireless Mouse,In-Store,2,25.16,0.0,50.32
N-1379,2026-05-14,Bilal Taylor,Mechanical Keyboard,In-Store,4,90.64,0.0,362.56
S/7317,2026-05-14,Omar Malik,Mechanical Keyboard,In-Store,1,87.29,0.1,78.56
W50102,2026-05-14,Ayesha Khan,Mechanical Keyboard,Online,2,88.68,0.15,150.76
N-1243,2026-05-15,Noah Wilson,Noise-Cancelling Headphones,In-Store,5,146.43,0.0,732.15
N-1338,2026-05-15,Daniel Wilson,External SSD 1TB,In-Store,1,100.64,0.0,100.64
S/7071,2026-05-15,Sofia Miller,Mechanical Keyboard,In-Store,1,90.36,0.0,90.36
S/7211,2026-05-15,Olivia Sheikh,Wireless Mouse,In-Store,2,23.88,0.15,40.6
N-1118,2026-05-16,Ali Ahmed,Laptop Stand,In-Store,1,34.09,0.1,30.68
S/7049,2026-05-16,Ali Brown,Noise-Cancelling Headphones,In-Store,5,148.82,0.0,744.1
S/7235,2026-05-16,Ethan Butt,27-inch Monitor,In-Store,5,221.59,0.15,941.76
W50201,2026-05-16,Maya Clarke,27-inch Monitor,Online,1,215.68,0.1,194.11
W50316,2026-05-16,Sofia Raza,Laptop Stand,Online,2,34.45,0.1,62.01
W50416,2026-05-16,Liam Walker,Noise-Cancelling Headphones,Online,1,152.25,0.0,152.25
N-1050,2026-05-17,Bilal Moore,Docking Station,In-Store,2,130.54,0.0,261.08
N-1388,2026-05-17,Olivia Patel,Webcam HD,In-Store,4,59.54,0.0,238.16
S/7210,2026-05-17,Emma Miller,27-inch Monitor,In-Store,1,215.31,0.15,183.01
S/7228,2026-05-17,Fatima Malik,Docking Station,In-Store,1,131.49,0.1,118.34
W50027,2026-05-17,Liam Khan,External SSD 1TB,Online,2,101.9,0.0,203.8
W50103,2026-05-17,Noah Walker,Bluetooth Speaker,Online,2,78.12,0.15,132.8
W50131,2026-05-17,Olivia Brown,Smart LED Lamp,Online,2,29.84,0.1,53.71
W50360,2026-05-17,Ayesha Rossi,Laptop Stand,Online,2,35.4,0.15,60.18
W50364,2026-05-17,Zara Sheikh,Wireless Mouse,Online,1,23.98,0.0,23.98
N-1120,2026-05-18,Ethan Taylor,USB-C Cable,In-Store,2,13.35,0.15,22.7
N-1363,2026-05-18,Ethan Clarke,Mechanical Keyboard,In-Store,4,89.4,0.1,321.84
N-1366,2026-05-18,Ethan Butt,Laptop Stand,In-Store,4,35.03,0.1,126.11
S/7061,2026-05-18,Noah Rossi,Wireless Mouse,In-Store,2,25.09,0.0,50.18
S/7073,2026-05-18,Noah Davis,Docking Station,In-Store,2,129.19,0.0,258.38
S/7187,2026-05-18,Fatima Brown,Smart LED Lamp,In-Store,4,29.29,0.15,99.59
S/7323,2026-05-18,Hassan Wilson,Bluetooth Speaker,In-Store,5,78.52,0.1,353.34
W50236,2026-05-18,Ali Butt,Bluetooth Speaker,Online,1,76.83,0.0,76.83
W50518,2026-05-18,Usman Ahmed,Webcam HD,Online,2,60.4,0.05,114.76
N-1031,2026-05-19,Chloe Patel,Docking Station,In-Store,2,129.88,0.0,259.76
N-1336,2026-05-19,Noah Brown,Mechanical Keyboard,In-Store,1,89.9,0.05,85.41
S/7164,2026-05-19,Zara Taylor,Ergonomic Chair,In-Store,1,251.4,0.1,226.26
S/7279,2026-05-19,Bilal Moore,Bluetooth Speaker,In-Store,1,80.6,0.1,72.54
S/7284,2026-05-19,Ethan Brown,Ergonomic Chair,In-Store,2,253.15,0.05,480.99
W50192,2026-05-19,Chloe Wilson,Bluetooth Speaker,Online,1,78.96,0.05,75.01
W50210,2026-05-19,Unknown,External SSD 1TB,Online,3,101.31,0.0,303.93
W50233,2026-05-19,Ali Patel,Docking Station,Online,2,128.11,0.05,243.41
W50349,2026-05-19,Hassan Iqbal,External SSD 1TB,Online,2,100.94,0.0,201.88
N-1221,2026-05-20,Chloe Walker,Noise-Cancelling Headphones,In-Store,4,153.31,0.15,521.25
N-1349,2026-05-20,Ethan Taylor,Ergonomic Chair,In-Store,2,251.25,0.0,502.5
N-1414,2026-05-20,Unknown,27-inch Monitor,In-Store,1,214.64,0.0,214.64
S/7166,2026-05-20,Usman Patel,Laptop Stand,In-Store,2,33.99,0.1,61.18
W50022,2026-05-20,Liam Sheikh,27-inch Monitor,Online,2,220.38,0.0,440.76
W50055,2026-05-20,Ali Brown,Wireless Mouse,Online,1,24.73,0.0,24.73
W50099,2026-05-20,Noah Taylor,27-inch Monitor,Online,3,219.88,0.0,659.64
W50269,2026-05-20,Chloe Ahmed,27-inch Monitor,Online,5,222.6,0.15,946.05
W50273,2026-05-20,Ayesha Malik,Laptop Stand,Online,5,34.31,0.0,171.55
W50503,2026-05-20,Maya Malik,Webcam HD,Online,1,60.02,0.1,54.02
N-1017,2026-05-21,Zara Clarke,Noise-Cancelling Headphones,In-Store,4,152.25,0.0,609.0
N-1040,2026-05-21,Usman Clarke,Mechanical Keyboard,In-Store,1,86.41,0.15,73.45
N-1107,2026-05-21,Noah Taylor,Bluetooth Speaker,In-Store,3,81.35,0.05,231.85
S/7075,2026-05-21,Ayesha Iqbal,Noise-Cancelling Headphones,In-Store,5,151.53,0.0,757.65
W50020,2026-05-21,Liam Patel,External SSD 1TB,Online,1,97.92,0.05,93.02
W50378,2026-05-21,Unknown,Laptop Stand,Online,1,34.63,0.0,34.63
W50475,2026-05-21,Bilal Sheikh,Docking Station,Online,2,131.03,0.0,262.06
N-1267,2026-05-22,Olivia Butt,Noise-Cancelling Headphones,In-Store,1,148.09,0.0,148.09
N-1305,2026-05-22,Unknown,USB-C Cable,In-Store,2,13.21,0.15,22.46
S/7133,2026-05-22,Maya Sheikh,Docking Station,In-Store,3,128.34,0.1,346.52
S/7206,2026-05-22,Ali Davis,27-inch Monitor,In-Store,3,216.82,0.0,650.46
S/7359,2026-05-22,Usman Clarke,Bluetooth Speaker,In-Store,3,77.67,0.05,221.36
W50032,2026-05-22,Hannah Sheikh,Webcam HD,Online,3,58.13,0.0,174.39
W50171,2026-05-22,Noah Patel,Ergonomic Chair,Online,2,246.05,0.0,492.1
W50338,2026-05-22,Usman Walker,Laptop Stand,Online,4,35.86,0.1,129.1
N-1047,2026-05-23,Bilal Ahmed,Docking Station,In-Store,1,127.05,0.0,127.05
N-1183,2026-05-23,Chloe Ahmed,Bluetooth Speaker,In-Store,2,81.34,0.15,138.28
N-1353,2026-05-23,Maya Iqbal,Webcam HD,In-Store,2,58.24,0.0,116.48
S/7001,2026-05-23,Unknown,Wireless Mouse,In-Store,1,24.21,0.0,24.21
W50134,2026-05-23,Chloe Ahmed,27-inch Monitor,Online,1,221.43,0.05,210.36
W50336,2026-05-23,Hassan Taylor,Docking Station,Online,2,126.2,0.0,252.4
W50508,2026-05-23,Liam Patel,Smart LED Lamp,Online,1,29.68,0.15,25.23
N-1006,2026-05-24,Liam Ahmed,Laptop Stand,In-Store,2,34.72,0.1,62.5
N-1193,2026-05-24,Hassan Taylor,Smart LED Lamp,In-Store,5,29.54,0.0,147.7
N-1399,2026-05-24,Hassan Moore,Wireless Mouse,In-Store,2,24.05,0.15,40.89
N-1413,2026-05-24,Zara Walker,Ergonomic Chair,In-Store,1,256.01,0.15,217.61
S/7054,2026-05-24,Unknown,Laptop Stand,In-Store,3,34.88,0.0,104.64
S/7149,2026-05-24,Emma Davis,Wireless Mouse,In-Store,3,24.46,0.05,69.71
W50058,2026-05-24,Emma Butt,Ergonomic Chair,Online,2,246.18,0.0,492.36
W50089,2026-05-24,Zara Davis,External SSD 1TB,Online,1,99.7,0.15,84.75
W50459,2026-05-24,Ayesha Walker,27-inch Monitor,Online,2,220.49,0.1,396.88
N-1250,2026-05-25,Maya Clarke,Wireless Mouse,In-Store,3,24.7,0.0,74.1
N-1273,2026-05-25,Daniel Iqbal,Noise-Cancelling Headphones,In-Store,1,151.9,0.05,144.31
N-1418,2026-05-25,Noah Patel,External SSD 1TB,In-Store,1,99.29,0.0,99.29
W50197,2026-05-25,Ayesha Raza,Noise-Cancelling Headphones,Online,5,152.42,0.15,647.79
W50414,2026-05-25,Olivia Hussain,27-inch Monitor,Online,2,215.85,0.1,388.53
N-1285,2026-05-26,Maya Davis,Laptop Stand,In-Store,2,34.07,0.15,57.92
S/7142,2026-05-26,Unknown,Smart LED Lamp,In-Store,1,30.05,0.05,28.55
S/7223,2026-05-26,Sofia Walker,Docking Station,In-Store,5,130.88,0.0,654.4
S/7352,2026-05-26,Emma Moore,27-inch Monitor,In-Store,4,219.82,0.1,791.35
W50283,2026-05-26,Omar Moore,Webcam HD,Online,1,60.73,0.0,60.73
N-1232,2026-05-27,Ali Brown,Ergonomic Chair,In-Store,2,251.68,0.15,427.86
S/7033,2026-05-27,Ali Khan,Laptop Stand,In-Store,2,34.99,0.05,66.48
S/7047,2026-05-27,Sofia Miller,Webcam HD,In-Store,5,59.37,0.1,267.17
W50458,2026-05-27,Zara Malik,Laptop Stand,Online,1,34.14,0.0,34.14
S/7185,2026-05-28,Ali Moore,Mechanical Keyboard,In-Store,3,90.23,0.0,270.69
S/7254,2026-05-28,Bilal Clarke,External SSD 1TB,In-Store,3,98.18,0.0,294.54
W50121,2026-05-28,Fatima Walker,Mechanical Keyboard,Online,5,89.46,0.0,447.3
W50230,2026-05-28,Emma Raza,Webcam HD,Online,3,58.61,0.0,175.83
W50342,2026-05-28,Olivia Iqbal,Ergonomic Chair,Online,2,241.6,0.0,483.2
N-1093,2026-05-29,Sofia Clarke,Wireless Mouse,In-Store,2,25.17,0.0,50.34
N-1294,2026-05-29,Chloe Hussain,Noise-Cancelling Headphones,In-Store,3,148.79,0.1,401.73
S/7305,2026-05-29,Fatima Rossi,Bluetooth Speaker,In-Store,2,79.43,0.1,142.97
W50198,2026-05-29,Hannah Iqbal,Ergonomic Chair,Online,2,251.01,0.1,451.82
W50324,2026-05-29,Emma Walker,Noise-Cancelling Headphones,Online,1,147.86,0.0,147.86
W50453,2026-05-29,Emma Patel,Bluetooth Speaker,Online,1,80.57,0.15,68.48
N-1002,2026-05-30,Daniel Moore,Webcam HD,In-Store,2,57.36,0.05,108.98
N-1352,2026-05-30,Olivia Khan,Noise-Cancelling Headphones,In-Store,3,145.98,0.0,437.94
S/7271,2026-05-30,Chloe Sheikh,Mechanical Keyboard,In-Store,4,91.29,0.0,365.16
W50280,2026-05-30,Daniel Wilson,Bluetooth Speaker,Online,1,78.97,0.05,75.02
W50433,2026-05-30,Chloe Miller,Bluetooth Speaker,Online,2,78.22,0.0,156.44
W50464,2026-05-30,Bilal Khan,Webcam HD,Online,1,57.3,0.1,51.57
N-1099,2026-05-31,Sofia Sheikh,Noise-Cancelling Headphones,In-Store,4,151.29,0.0,605.16
N-1289,2026-05-31,Daniel Davis,Mechanical Keyboard,In-Store,1,90.66,0.1,81.59
W50187,2026-05-31,Ali Brown,USB-C Cable,Online,3,12.84,0.05,36.59
N-1180,2026-06-01,Zara Moore,27-inch Monitor,In-Store,2,216.62,0.0,433.24
N-1217,2026-06-01,Hassan Moore,Bluetooth Speaker,In-Store,2,79.37,0.0,158.74
N-1275,2026-06-01,Hannah Iqbal,External SSD 1TB,In-Store,4,99.29,0.0,397.16
S/7171,2026-06-01,Zara Brown,External SSD 1TB,In-Store,1,99.5,0.05,94.53
S/7351,2026-06-01,Unknown,Docking Station,In-Store,1,131.48,0.0,131.48
N-1128,2026-06-02,Hannah Wilson,USB-C Cable,In-Store,1,12.77,0.1,11.49
N-1142,2026-06-02,Sofia Moore,Webcam HD,In-Store,2,58.62,0.0,117.24
N-1328,2026-06-02,Ayesha Sheikh,External SSD 1TB,In-Store,5,101.78,0.0,508.9
S/7039,2026-06-02,Fatima Taylor,Bluetooth Speaker,In-Store,4,77.7,0.0,310.8
S/7077,2026-06-02,Zara Moore,Laptop Stand,In-Store,1,34.41,0.05,32.69
S/7082,2026-06-02,Emma Wilson,Bluetooth Speaker,In-Store,2,78.01,0.15,132.62
S/7191,2026-06-02,Maya Wilson,Mechanical Keyboard,In-Store,2,87.6,0.15,148.92
S/7225,2026-06-02,Omar Khan,Docking Station,In-Store,1,128.24,0.0,128.24
W50124,2026-06-02,Noah Walker,Smart LED Lamp,Online,3,29.76,0.05,84.82
W50138,2026-06-02,Noah Patel,Docking Station,Online,1,126.12,0.15,107.2
W50159,2026-06-02,Noah Raza,Laptop Stand,Online,5,34.48,0.1,155.16
W50242,2026-06-02,Olivia Butt,Mechanical Keyboard,Online,1,87.35,0.0,87.35
N-1024,2026-06-03,Daniel Ahmed,Webcam HD,In-Store,1,59.24,0.1,53.32
N-1152,2026-06-03,Fatima Rossi,27-inch Monitor,In-Store,3,219.17,0.0,657.51
N-1286,2026-06-03,Maya Khan,Ergonomic Chair,In-Store,1,250.51,0.0,250.51
S/7040,2026-06-03,Liam Patel,Mechanical Keyboard,In-Store,4,90.41,0.15,307.39
S/7300,2026-06-03,Bilal Malik,Laptop Stand,In-Store,2,34.78,0.0,69.56
W50270,2026-06-03,Omar Patel,27-inch Monitor,Online,1,213.77,0.1,192.39
N-1153,2026-06-04,Zara Khan,Bluetooth Speaker,In-Store,1,79.65,0.15,67.7
N-1231,2026-06-04,Olivia Khan,Laptop Stand,In-Store,2,35.85,0.05,68.12
S/7291,2026-06-04,Daniel Patel,Docking Station,In-Store,1,128.48,0.1,115.63
W50104,2026-06-04,Ayesha Clarke,Webcam HD,Online,3,58.55,0.0,175.65
W50319,2026-06-04,Maya Davis,27-inch Monitor,Online,2,216.01,0.0,432.02
N-1062,2026-06-05,Noah Rossi,Wireless Mouse,In-Store,2,25.03,0.05,47.56
N-1196,2026-06-05,Chloe Raza,Docking Station,In-Store,1,129.07,0.0,129.07
N-1300,2026-06-05,Hannah Hussain,External SSD 1TB,In-Store,1,98.04,0.0,98.04
N-1360,2026-06-05,Omar Wilson,External SSD 1TB,In-Store,5,100.14,0.0,500.7
N-1404,2026-06-05,Noah Miller,Laptop Stand,In-Store,4,34.02,0.0,136.08
S/7018,2026-06-05,Hannah Iqbal,27-inch Monitor,In-Store,5,219.83,0.1,989.24
W50068,2026-06-05,Chloe Davis,Noise-Cancelling Headphones,Online,2,147.57,0.05,280.38
W50261,2026-06-05,Omar Brown,Laptop Stand,Online,2,35.8,0.0,71.6
N-1015,2026-06-06,Omar Iqbal,Mechanical Keyboard,In-Store,1,87.5,0.0,87.5
S/7092,2026-06-06,Hannah Sheikh,Mechanical Keyboard,In-Store,3,87.73,0.0,263.19
W50013,2026-06-06,Ethan Rossi,Mechanical Keyboard,Online,4,89.18,0.05,338.88
W50101,2026-06-06,Daniel Moore,Wireless Mouse,Online,1,24.16,0.0,24.16
W50226,2026-06-06,Hannah Walker,Bluetooth Speaker,Online,2,79.66,0.0,159.32
W50386,2026-06-06,Omar Khan,USB-C Cable,Online,4,13.36,0.05,50.77
N-1087,2026-06-07,Fatima Rossi,USB-C Cable,In-Store,1,12.86,0.15,10.93
S/7080,2026-06-07,Chloe Raza,Wireless Mouse,In-Store,5,23.94,0.15,101.75
S/7244,2026-06-07,Maya Ahmed,27-inch Monitor,In-Store,2,215.38,0.15,366.15
W50196,2026-06-07,Daniel Patel,External SSD 1TB,Online,2,99.26,0.1,178.67
W50520,2026-06-07,Ali Raza,Webcam HD,Online,1,58.28,0.05,55.37
N-1146,2026-06-08,Noah Butt,Bluetooth Speaker,In-Store,1,80.33,0.0,80.33
S/7315,2026-06-08,Noah Hussain,Laptop Stand,In-Store,3,35.9,0.0,107.7
W50060,2026-06-08,Zara Moore,27-inch Monitor,Online,1,219.05,0.05,208.1
W50244,2026-06-08,Maya Khan,27-inch Monitor,Online,1,218.27,0.05,207.36
W50489,2026-06-08,Ali Iqbal,USB-C Cable,Online,2,13.01,0.0,26.02
N-1127,2026-06-09,Bilal Walker,Wireless Mouse,In-Store,2,24.48,0.15,41.62
N-1206,2026-06-09,Liam Sheikh,Wireless Mouse,In-Store,1,24.8,0.0,24.8
S/7110,2026-06-09,Chloe Patel,Docking Station,In-Store,5,127.55,0.1,573.98
S/7357,2026-06-09,Unknown,Smart LED Lamp,In-Store,1,30.13,0.05,28.62
W50340,2026-06-09,Ayesha Brown,Smart LED Lamp,Online,1,29.5,0.15,25.08
N-1065,2026-06-10,Ethan Moore,Laptop Stand,In-Store,2,34.55,0.1,62.19
N-1080,2026-06-10,Ali Moore,Docking Station,In-Store,1,132.17,0.1,118.95
N-1171,2026-06-10,Ethan Raza,Docking Station,In-Store,2,129.64,0.05,246.32
N-1197,2026-06-10,Daniel Iqbal,Laptop Stand,In-Store,1,34.73,0.05,32.99
N-1270,2026-06-10,Liam Ahmed,Bluetooth Speaker,In-Store,1,80.75,0.05,76.71
N-1311,2026-06-10,Sofia Taylor,USB-C Cable,In-Store,3,12.85,0.0,38.55
N-1324,2026-06-10,Fatima Davis,Ergonomic Chair,In-Store,2,241.68,0.15,410.86
S/7158,2026-06-10,Noah Walker,USB-C Cable,In-Store,2,12.79,0.0,25.58
W50337,2026-06-10,Sofia Malik,Laptop Stand,Online,4,34.02,0.1,122.47
N-1094,2026-06-11,Chloe Hussain,External SSD 1TB,In-Store,1,100.21,0.0,100.21
N-1102,2026-06-11,Olivia Butt,USB-C Cable,In-Store,2,13.16,0.0,26.32
N-1284,2026-06-11,Ali Iqbal,Mechanical Keyboard,In-Store,4,90.49,0.05,343.86
N-1341,2026-06-11,Ayesha Sheikh,Smart LED Lamp,In-Store,1,30.05,0.0,30.05
N-1406,2026-06-11,Liam Brown,Laptop Stand,In-Store,5,35.44,0.0,177.2
S/7105,2026-06-11,Sofia Brown,Mechanical Keyboard,In-Store,2,87.15,0.0,174.3
S/7117,2026-06-11,Liam Wilson,Noise-Cancelling Headphones,In-Store,3,145.1,0.15,370.01
S/7163,2026-06-11,Hassan Clarke,USB-C Cable,In-Store,1,12.7,0.0,12.7
S/7270,2026-06-11,Unknown,Smart LED Lamp,In-Store,5,29.76,0.0,148.8
W50173,2026-06-11,Olivia Khan,Bluetooth Speaker,Online,1,81.18,0.0,81.18
W50266,2026-06-11,Omar Moore,Mechanical Keyboard,Online,1,90.93,0.0,90.93
W50379,2026-06-11,Noah Brown,External SSD 1TB,Online,5,100.13,0.05,475.62
W50382,2026-06-11,Emma Khan,Bluetooth Speaker,Online,4,76.97,0.0,307.88
N-1070,2026-06-12,Hannah Wilson,Ergonomic Chair,In-Store,3,256.2,0.0,768.6
N-1244,2026-06-12,Fatima Iqbal,Wireless Mouse,In-Store,2,24.96,0.0,49.92
S/7019,2026-06-12,Emma Khan,Bluetooth Speaker,In-Store,2,77.35,0.05,146.97
S/7025,2026-06-12,Daniel Rossi,USB-C Cable,In-Store,2,12.95,0.1,23.31
S/7176,2026-06-12,Maya Butt,Webcam HD,In-Store,1,60.39,0.1,54.35
S/7356,2026-06-12,Hannah Taylor,Laptop Stand,In-Store,1,34.84,0.15,29.61
W50081,2026-06-12,Daniel Moore,Noise-Cancelling Headphones,Online,2,146.94,0.15,249.8
W50208,2026-06-12,Chloe Patel,Bluetooth Speaker,Online,1,81.0,0.0,81.0
W50455,2026-06-12,Usman Miller,External SSD 1TB,Online,3,101.16,0.0,303.48
W50519,2026-06-12,Maya Davis,Noise-Cancelling Headphones,Online,2,148.61,0.1,267.5
S/7069,2026-06-13,Ali Clarke,Smart LED Lamp,In-Store,2,29.95,0.0,59.9
S/7070,2026-06-13,Emma Sheikh,Docking Station,In-Store,1,130.55,0.0,130.55
W50304,2026-06-13,Chloe Patel,Mechanical Keyboard,Online,1,88.72,0.0,88.72
W50372,2026-06-13,Noah Ahmed,Wireless Mouse,Online,2,24.09,0.05,45.77
W50404,2026-06-13,Usman Sheikh,Smart LED Lamp,Online,1,30.41,0.1,27.37
W50423,2026-06-13,Daniel Davis,Ergonomic Chair,Online,2,244.76,0.1,440.57
N-1036,2026-06-14,Sofia Ahmed,Webcam HD,In-Store,4,60.0,0.0,240.0
S/7177,2026-06-14,Ali Miller,27-inch Monitor,In-Store,5,221.15,0.1,995.18
S/7221,2026-06-14,Unknown,Ergonomic Chair,In-Store,5,250.11,0.0,1250.55
W50156,2026-06-14,Chloe Rossi,Smart LED Lamp,Online,1,30.53,0.05,29.0
W50271,2026-06-14,Maya Sheikh,Ergonomic Chair,Online,1,247.66,0.1,222.89
N-1306,2026-06-15,Bilal Miller,Ergonomic Chair,In-Store,1,243.69,0.0,243.69
N-1362,2026-06-15,Maya Khan,Noise-Cancelling Headphones,In-Store,5,147.93,0.0,739.65
S/7220,2026-06-15,Emma Malik,Mechanical Keyboard,In-Store,2,86.49,0.15,147.03
W50122,2026-06-15,Chloe Iqbal,Bluetooth Speaker,Online,1,76.71,0.0,76.71
W50348,2026-06-15,Sofia Taylor,Bluetooth Speaker,Online,5,79.38,0.1,357.21
W50472,2026-06-15,Bilal Iqbal,Smart LED Lamp,Online,4,29.93,0.1,107.75
N-1122,2026-06-16,Ethan Miller,Ergonomic Chair,In-Store,1,244.43,0.15,207.77
S/7006,2026-06-16,Unknown,Bluetooth Speaker,In-Store,3,81.23,0.0,243.69
S/7269,2026-06-16,Ayesha Rossi,Mechanical Keyboard,In-Store,5,87.85,0.0,439.25
S/7342,2026-06-16,Chloe Patel,Bluetooth Speaker,In-Store,2,78.45,0.1,141.21
W50165,2026-06-16,Ethan Wilson,Ergonomic Chair,Online,4,249.23,0.0,996.92
W50325,2026-06-16,Maya Clarke,USB-C Cable,Online,1,13.07,0.0,13.07
N-1105,2026-06-17,Zara Wilson,Ergonomic Chair,In-Store,2,246.02,0.1,442.84
N-1271,2026-06-17,Ayesha Sheikh,Wireless Mouse,In-Store,1,24.92,0.1,22.43
S/7020,2026-06-17,Ethan Miller,Bluetooth Speaker,In-Store,1,80.54,0.0,80.54
S/7085,2026-06-17,Hassan Miller,27-inch Monitor,In-Store,1,219.03,0.0,219.03
S/7321,2026-06-17,Omar Clarke,Bluetooth Speaker,In-Store,2,77.05,0.05,146.4
S/7337,2026-06-17,Sofia Clarke,Wireless Mouse,In-Store,1,24.29,0.05,23.08
W50290,2026-06-17,Zara Khan,USB-C Cable,Online,5,13.05,0.05,61.99
W50318,2026-06-17,Hassan Butt,Noise-Cancelling Headphones,Online,2,150.87,0.15,256.48
W50427,2026-06-17,Bilal Walker,USB-C Cable,Online,2,12.83,0.05,24.38
W50493,2026-06-17,Hassan Walker,Wireless Mouse,Online,5,25.02,0.0,125.1
W50504,2026-06-17,Sofia Iqbal,Smart LED Lamp,Online,1,29.43,0.15,25.02
W50512,2026-06-17,Chloe Iqbal,Laptop Stand,Online,1,34.37,0.1,30.93
N-1172,2026-06-18,Hassan Taylor,Noise-Cancelling Headphones,In-Store,5,146.13,0.0,730.65
N-1355,2026-06-18,Daniel Moore,Bluetooth Speaker,In-Store,4,80.58,0.0,322.32
N-1397,2026-06-18,Hannah Davis,USB-C Cable,In-Store,1,12.9,0.0,12.9
S/7003,2026-06-18,Bilal Walker,External SSD 1TB,In-Store,4,99.09,0.0,396.36
S/7159,2026-06-18,Omar Miller,27-inch Monitor,In-Store,1,219.33,0.15,186.43
W50137,2026-06-18,Ethan Khan,USB-C Cable,Online,4,12.94,0.0,51.76
W50153,2026-06-18,Ali Davis,Docking Station,Online,1,131.81,0.0,131.81
S/7103,2026-06-19,Omar Brown,External SSD 1TB,In-Store,2,100.02,0.0,200.04
S/7161,2026-06-19,Ayesha Khan,Ergonomic Chair,In-Store,5,243.78,0.0,1218.9
W50148,2026-06-19,Ethan Taylor,Bluetooth Speaker,Online,1,77.12,0.0,77.12
W50179,2026-06-19,Maya Raza,External SSD 1TB,Online,2,100.86,0.1,181.55
W50417,2026-06-19,Hannah Moore,Smart LED Lamp,Online,2,29.98,0.0,59.96
N-1245,2026-06-20,Ali Taylor,Webcam HD,In-Store,2,59.92,0.15,101.86
N-1419,2026-06-20,Hannah Taylor,Smart LED Lamp,In-Store,4,30.59,0.0,122.36
S/7050,2026-06-20,Fatima Hussain,USB-C Cable,In-Store,5,13.01,0.0,65.05
S/7286,2026-06-20,Omar Sheikh,Wireless Mouse,In-Store,1,25.21,0.0,25.21
W50061,2026-06-20,Liam Miller,Noise-Cancelling Headphones,Online,2,147.0,0.15,249.9
W50175,2026-06-20,Chloe Rossi,External SSD 1TB,Online,2,98.69,0.0,197.38
W50237,2026-06-20,Fatima Rossi,Mechanical Keyboard,Online,4,87.15,0.1,313.74
N-1255,2026-06-21,Omar Butt,Bluetooth Speaker,In-Store,1,77.88,0.0,77.88
N-1277,2026-06-21,Omar Rossi,Smart LED Lamp,In-Store,2,30.65,0.0,61.3
N-1407,2026-06-21,Hassan Khan,Noise-Cancelling Headphones,In-Store,1,151.99,0.15,129.19
N-1416,2026-06-21,Bilal Brown,Bluetooth Speaker,In-Store,2,76.66,0.15,130.32
S/7119,2026-06-21,Omar Wilson,Ergonomic Chair,In-Store,2,243.36,0.15,413.71
W50169,2026-06-21,Liam Walker,Docking Station,Online,1,126.33,0.1,113.7
W50376,2026-06-21,Hassan Clarke,27-inch Monitor,Online,1,220.47,0.05,209.45
N-1089,2026-06-22,Omar Malik,Laptop Stand,In-Store,5,34.55,0.1,155.48
N-1242,2026-06-22,Hassan Hussain,Ergonomic Chair,In-Store,1,244.88,0.15,208.15
N-1412,2026-06-22,Chloe Clarke,Noise-Cancelling Headphones,In-Store,5,151.34,0.0,756.7
S/7231,2026-06-22,Olivia Moore,Bluetooth Speaker,In-Store,1,79.67,0.05,75.69
W50118,2026-06-22,Omar Raza,Laptop Stand,Online,5,34.86,0.15,148.16
W50388,2026-06-22,Emma Patel,Mechanical Keyboard,Online,2,90.42,0.1,162.76
W50415,2026-06-22,Ali Brown,Wireless Mouse,Online,2,24.33,0.0,48.66
N-1307,2026-06-23,Ethan Taylor,27-inch Monitor,In-Store,1,218.62,0.0,218.62
N-1344,2026-06-23,Zara Butt,Laptop Stand,In-Store,1,35.24,0.0,35.24
S/7016,2026-06-23,Olivia Wilson,External SSD 1TB,In-Store,1,98.96,0.0,98.96
S/7121,2026-06-23,Chloe Moore,27-inch Monitor,In-Store,4,214.43,0.15,729.06
W50274,2026-06-23,Ali Malik,Webcam HD,Online,1,60.62,0.0,60.62
N-1083,2026-06-24,Noah Iqbal,Docking Station,In-Store,2,125.16,0.0,250.32
N-1116,2026-06-24,Omar Taylor,Docking Station,In-Store,1,129.4,0.0,129.4
S/7066,2026-06-24,Unknown,Laptop Stand,In-Store,1,34.02,0.0,34.02
S/7192,2026-06-24,Zara Hussain,USB-C Cable,In-Store,1,13.08,0.1,11.77
W50167,2026-06-24,Sofia Butt,27-inch Monitor,Online,1,223.38,0.0,223.38
W50209,2026-06-24,Olivia Clarke,Ergonomic Chair,Online,5,245.65,0.0,1228.25
W50312,2026-06-24,Usman Hussain,Webcam HD,Online,1,59.61,0.15,50.67
N-1112,2026-06-25,Chloe Moore,Mechanical Keyboard,In-Store,2,86.82,0.0,173.64
N-1281,2026-06-25,Sofia Wilson,Smart LED Lamp,In-Store,2,29.65,0.1,53.37
N-1367,2026-06-25,Ali Wilson,Ergonomic Chair,In-Store,5,246.87,0.1,1110.92
S/7201,2026-06-25,Liam Patel,USB-C Cable,In-Store,4,13.3,0.0,53.2
S/7335,2026-06-25,Olivia Iqbal,27-inch Monitor,In-Store,5,222.27,0.05,1055.78
W50016,2026-06-25,Omar Butt,Docking Station,Online,3,128.27,0.0,384.81
W50040,2026-06-25,Hannah Walker,27-inch Monitor,Online,2,218.11,0.0,436.22
W50163,2026-06-25,Ali Miller,Docking Station,Online,2,132.55,0.05,251.85
W50164,2026-06-25,Ali Malik,Noise-Cancelling Headphones,Online,3,150.49,0.1,406.32
W50496,2026-06-25,Zara Iqbal,External SSD 1TB,Online,4,99.27,0.05,377.23
N-1375,2026-06-26,Usman Khan,Laptop Stand,In-Store,2,34.77,0.0,69.54
S/7346,2026-06-26,Chloe Raza,USB-C Cable,In-Store,1,13.05,0.15,11.09
W50250,2026-06-26,Hannah Taylor,Smart LED Lamp,Online,2,29.6,0.05,56.24
N-1088,2026-06-27,Ethan Clarke,Ergonomic Chair,In-Store,1,248.74,0.05,236.3
N-1230,2026-06-27,Noah Moore,Noise-Cancelling Headphones,In-Store,2,148.67,0.0,297.34
S/7068,2026-06-27,Usman Wilson,USB-C Cable,In-Store,1,12.63,0.15,10.74
S/7131,2026-06-27,Unknown,Webcam HD,In-Store,2,60.55,0.0,121.1
S/7179,2026-06-27,Emma Patel,Smart LED Lamp,In-Store,4,29.2,0.0,116.8
W50333,2026-06-27,Omar Sheikh,Laptop Stand,Online,3,34.66,0.0,103.98
W50400,2026-06-27,Daniel Malik,Wireless Mouse,Online,1,24.83,0.1,22.35
N-1274,2026-06-28,Olivia Taylor,External SSD 1TB,In-Store,1,96.11,0.05,91.3
S/7123,2026-06-28,Daniel Butt,Mechanical Keyboard,In-Store,1,91.04,0.05,86.49
S/7251,2026-06-28,Emma Clarke,Noise-Cancelling Headphones,In-Store,5,145.92,0.0,729.6
S/7353,2026-06-28,Hassan Hussain,USB-C Cable,In-Store,1,12.99,0.0,12.99
W50029,2026-06-28,Ayesha Rossi,Noise-Cancelling Headphones,Online,4,145.52,0.15,494.77
W50052,2026-06-28,Liam Miller,USB-C Cable,Online,1,12.69,0.0,12.69
W50211,2026-06-28,Ayesha Ahmed,Ergonomic Chair,Online,2,253.16,0.0,506.32
W50286,2026-06-28,Fatima Raza,Smart LED Lamp,Online,2,30.44,0.15,51.75
W50315,2026-06-28,Unknown,Smart LED Lamp,Online,1,29.13,0.1,26.22
W50490,2026-06-28,Bilal Clarke,Wireless Mouse,Online,2,24.2,0.0,48.4
S/7062,2026-06-29,Chloe Wilson,Noise-Cancelling Headphones,In-Store,3,148.98,0.0,446.94
S/7173,2026-06-29,Olivia Iqbal,External SSD 1TB,In-Store,5,98.23,0.0,491.15
S/7310,2026-06-29,Hassan Ahmed,Mechanical Keyboard,In-Store,1,87.84,0.05,83.45
S/7316,2026-06-29,Hannah Malik,Webcam HD,In-Store,5,60.11,0.0,300.55
W50097,2026-06-29,Liam Moore,Mechanical Keyboard,Online,3,87.88,0.1,237.28
W50222,2026-06-29,Liam Moore,Docking Station,Online,4,126.61,0.0,506.44
W50262,2026-06-29,Chloe Brown,27-inch Monitor,Online,1,219.47,0.05,208.5
